"id","year","month","casenumber","disease","animalspecies","datestart","dateend","country","nuts","districtcode","postcode","unit","value","annotation","sourceid"
"1","2015","1","TKH-2014-000443","American foulbrood of honey bees","1341976","2015-01-07","2015-05-04","AUT","AT12","307",NULL,"number","1",NULL,"50"
"2","2015","1","TKH-2014-000454","American foulbrood of honey bees","1341976","2015-01-12",NULL,"AUT","AT21","205",NULL,"number","1",NULL,"61"
"3","2015","2","TKH-2015-000173","American foulbrood of honey bees","1341976","2015-02-16","2015-04-08","AUT","AT12","325",NULL,"number","1",NULL,"50"
"4","2015","3","TKH-2015-000335","American foulbrood of honey bees","1341976","2015-03-06","2015-04-09","AUT","AT12","309",NULL,"number","1",NULL,"50"
"5","2015","2","TKH-2015-000553","American foulbrood of honey bees","1341976","2015-02-12",NULL,"AUT","AT21","205",NULL,"number","1",NULL,"61"
"6","2015","3","TKH-2015-000563","American foulbrood of honey bees","1341976","2015-03-12","2015-07-09","AUT","AT32","503",NULL,"number","1",NULL,"50"
"7","2015","4","TKH-2015-000625","American foulbrood of honey bees","1341976","2015-04-08","2015-05-13","AUT","AT12","325",NULL,"number","1",NULL,"46"
"8","2015","4","TKH-2015-000692","American foulbrood of honey bees","1341976","2015-04-28","2015-07-14","AUT","AT22","621",NULL,"number","1",NULL,"46"
"9","2015","5","TKH-2015-000693","American foulbrood of honey bees","1341976","2015-05-04","2015-07-06","AUT","AT31","412",NULL,"number","1",NULL,"46"
"10","2015","5","TKH-2015-000705","American foulbrood of honey bees","1341976","2015-05-07","2015-07-07","AUT","AT32","505",NULL,"number","1",NULL,"46"
"11","2015","5","TKH-2015-000716","American foulbrood of honey bees","1341976","2015-05-02","2015-08-07","AUT","AT12","315",NULL,"number","1",NULL,"46"
"12","2015","5","TKH-2015-000719","American foulbrood of honey bees","1341976","2015-05-11","2015-09-30","AUT","AT22","611",NULL,"number","1",NULL,"46"
"13","2015","5","TKH-2015-000720","American foulbrood of honey bees","1341976","2015-05-18","2015-08-07","AUT","AT22","623",NULL,"number","1",NULL,"46"
"14","2015","4","TKH-2015-000721","American foulbrood of honey bees","1341976","2015-04-15","2015-06-12","AUT","AT12","323",NULL,"number","1",NULL,"46"
"15","2015","5","TKH-2015-000722","American foulbrood of honey bees","1341976","2015-05-12","2015-08-18","AUT","AT12","318",NULL,"number","1",NULL,"46"
"16","2015","5","TKH-2015-000723","American foulbrood of honey bees","1341976","2015-05-13","2015-07-02","AUT","AT31","414",NULL,"number","1",NULL,"46"
"17","2015","5","TKH-2015-000726","American foulbrood of honey bees","1341976","2015-05-12","2015-07-15","AUT","AT32","506",NULL,"number","1",NULL,"46"
"18","2015","5","TKH-2015-000728","American foulbrood of honey bees","1341976","2015-05-18",NULL,"AUT","AT32","504",NULL,"number","1",NULL,"46"
"19","2015","5","TKH-2015-000740","American foulbrood of honey bees","1341976","2015-05-20","2016-08-31","AUT","AT22","614",NULL,"number","1",NULL,"61"
"20","2015","5","TKH-2015-000741","American foulbrood of honey bees","1341976","2015-05-11","2015-08-17","AUT","AT12","323",NULL,"number","1",NULL,"46"
"21","2015","5","TKH-2015-000742","American foulbrood of honey bees","1341976","2015-05-28",NULL,"AUT","AT22","620",NULL,"number","1",NULL,"61"
"22","2015","5","TKH-2015-000746","American foulbrood of honey bees","1341976","2015-05-09","2015-09-28","AUT","AT22","621",NULL,"number","1",NULL,"46"
"23","2015","5","TKH-2015-000748","American foulbrood of honey bees","1341976","2015-05-05",NULL,"AUT","AT22","621",NULL,"number","1",NULL,"46"
"24","2015","6","TKH-2015-000751","American foulbrood of honey bees","1341976","2015-06-02","2016-05-31","AUT","AT22","614",NULL,"number","1",NULL,"61"
"25","2015","6","TKH-2015-000753","American foulbrood of honey bees","1341976","2015-06-02",NULL,"AUT","AT32","506",NULL,"number","1",NULL,"26"
"26","2015","6","TKH-2015-000754","American foulbrood of honey bees","1341976","2015-06-05","2015-10-05","AUT","AT22","606",NULL,"number","1",NULL,"27"
"27","2015","6","TKH-2015-000762","American foulbrood of honey bees","1341976","2015-06-11",NULL,"AUT","AT32","504",NULL,"number","1",NULL,"26"
"28","2015","6","TKH-2015-000772","American foulbrood of honey bees","1341976","2015-06-16","2015-10-06","AUT","AT31","408",NULL,"number","1",NULL,"27"
"29","2015","5","TKH-2015-000773","American foulbrood of honey bees","1341976","2015-05-27","2015-10-06","AUT","AT31","408",NULL,"number","1",NULL,"27"
"30","2015","7","TKH-2015-000775","American foulbrood of honey bees","1341976","2015-07-03","2015-09-25","AUT","AT12","313",NULL,"number","1",NULL,"5"
"31","2015","6","TKH-2015-000778","American foulbrood of honey bees","1341976","2015-06-08","2016-09-27","AUT","AT12","323",NULL,"number","1",NULL,"61"
"32","2015","6","TKH-2015-000782","American foulbrood of honey bees","1341976","2015-06-30",NULL,"AUT","AT32","504",NULL,"number","1",NULL,"26"
"33","2015","7","TKH-2015-000789","American foulbrood of honey bees","1341976","2015-07-02","2015-11-12","AUT","AT32","504",NULL,"number","1",NULL,"51"
"34","2015","6","TKH-2015-000794","American foulbrood of honey bees","1341976","2015-06-30","2017-02-13","AUT","AT32","504",NULL,"number","1",NULL,"61"
"35","2015","7","TKH-2015-000802","American foulbrood of honey bees","1341976","2015-07-14",NULL,"AUT","AT32","504",NULL,"number","1",NULL,"5"
"36","2015","7","TKH-2015-000803","American foulbrood of honey bees","1341976","2015-07-06","2015-09-22","AUT","AT12","320",NULL,"number","1",NULL,"5"
"37","2015","7","TKH-2015-000814","American foulbrood of honey bees","1341976","2015-07-03",NULL,"AUT","AT31","418",NULL,"number","1",NULL,"61"
"38","2015","7","TKH-2015-000815","American foulbrood of honey bees","1341976","2015-07-06","2015-09-23","AUT","AT31","417",NULL,"number","1",NULL,"5"
"39","2015","7","TKH-2015-000817","American foulbrood of honey bees","1341976","2015-07-13","2016-11-11","AUT","AT12","309",NULL,"number","1",NULL,"59"
"40","2015","7","TKH-2015-000818","American foulbrood of honey bees","1341976","2015-07-14",NULL,"AUT","AT12","309",NULL,"number","1",NULL,"3"
"41","2015","7","TKH-2015-000819","American foulbrood of honey bees","1341976","2015-07-14","2016-11-11","AUT","AT12","309",NULL,"number","1",NULL,"59"
"42","2015","7","TKH-2015-000820","American foulbrood of honey bees","1341976","2015-07-08","2015-11-02","AUT","AT31","411",NULL,"number","1",NULL,"51"
"43","2015","7","TKH-2015-000822","American foulbrood of honey bees","1341976","2015-07-14","2015-09-14","AUT","AT12","311",NULL,"number","1",NULL,"5"
"44","2015","7","TKH-2015-000823","American foulbrood of honey bees","1341976","2015-07-21","2015-09-22","AUT","AT12","305",NULL,"number","1",NULL,"5"
"45","2015","7","TKH-2015-000824","American foulbrood of honey bees","1341976","2015-07-21","2015-09-22","AUT","AT12","305",NULL,"number","1",NULL,"5"
"46","2015","7","TKH-2015-000825","American foulbrood of honey bees","1341976","2015-07-13","2016-09-19","AUT","AT22","611",NULL,"number","1",NULL,"61"
"47","2015","7","TKH-2015-000826","American foulbrood of honey bees","1341976","2015-07-13","2016-09-15","AUT","AT22","611",NULL,"number","1",NULL,"61"
"48","2015","7","TKH-2015-000827","American foulbrood of honey bees","1341976","2015-07-13",NULL,"AUT","AT33","703",NULL,"number","1",NULL,"3"
"49","2015","7","TKH-2015-000830","American foulbrood of honey bees","1341976","2015-07-10","2017-02-13","AUT","AT32","504",NULL,"number","1",NULL,"61"
"50","2015","7","TKH-2015-000831","American foulbrood of honey bees","1341976","2015-07-13","2016-04-04","AUT","AT12","312",NULL,"number","1",NULL,"56"
"51","2015","7","TKH-2015-000832","American foulbrood of honey bees","1341976","2015-07-15","2015-08-11","AUT","AT12","308",NULL,"number","1",NULL,"4"
"52","2015","7","TKH-2015-000833","American foulbrood of honey bees","1341976","2015-07-15","2015-09-09","AUT","AT12","308",NULL,"number","1",NULL,"5"
"53","2015","7","TKH-2015-000834","American foulbrood of honey bees","1341976","2015-07-15",NULL,"AUT","AT12","308",NULL,"number","1",NULL,"56"
"54","2015","7","TKH-2015-000835","American foulbrood of honey bees","1341976","2015-07-15","2015-09-09","AUT","AT12","308",NULL,"number","1",NULL,"5"
"55","2015","7","TKH-2015-000836","American foulbrood of honey bees","1341976","2015-07-13","2016-09-27","AUT","AT12","323",NULL,"number","1",NULL,"59"
"56","2015","7","TKH-2015-000838","American foulbrood of honey bees","1341976","2015-07-18","2015-10-12","AUT","AT12","325",NULL,"number","1",NULL,"27"
"57","2015","7","TKH-2015-000839","American foulbrood of honey bees","1341976","2015-07-18","2015-10-12","AUT","AT12","325",NULL,"number","1",NULL,"27"
"58","2015","7","TKH-2015-000842","American foulbrood of honey bees","1341976","2015-07-27","2016-06-27","AUT","AT33","703",NULL,"number","1",NULL,"61"
"59","2015","7","TKH-2015-000844","American foulbrood of honey bees","1341976","2015-07-17","2015-09-23","AUT","AT31","417",NULL,"number","1",NULL,"5"
"60","2015","7","TKH-2015-000845","American foulbrood of honey bees","1341976","2015-07-17","2015-09-23","AUT","AT31","417",NULL,"number","1",NULL,"5"
"61","2015","7","TKH-2015-000846","American foulbrood of honey bees","1341976","2015-07-17","2015-09-23","AUT","AT31","417",NULL,"number","1",NULL,"5"
"62","2015","7","TKH-2015-000848","American foulbrood of honey bees","1341976","2015-07-24","2015-11-09","AUT","AT12","309",NULL,"number","1",NULL,"51"
"63","2015","7","TKH-2015-000849","American foulbrood of honey bees","1341976","2015-07-24","2015-09-22","AUT","AT12","305",NULL,"number","1",NULL,"5"
"64","2015","7","TKH-2015-000851","American foulbrood of honey bees","1341976","2015-07-27","2015-10-07","AUT","AT12","320",NULL,"number","1",NULL,"27"
"65","2015","6","TKH-2015-000852","American foulbrood of honey bees","1341976","2015-06-12","2015-09-08","AUT","AT22","601",NULL,"number","1",NULL,"5"
"66","2015","7","TKH-2015-000855","American foulbrood of honey bees","1341976","2015-07-23","2015-09-30","AUT","AT31","408",NULL,"number","1",NULL,"5"
"67","2015","7","TKH-2015-000859","American foulbrood of honey bees","1341976","2015-07-30","2016-04-27","AUT","AT33","703",NULL,"number","1",NULL,"56"
"68","2015","7","TKH-2015-000860","American foulbrood of honey bees","1341976","2015-07-30","2016-04-27","AUT","AT33","703",NULL,"number","1",NULL,"56"
"69","2015","8","TKH-2015-000866","American foulbrood of honey bees","1341976","2015-08-03","2015-11-02","AUT","AT31","411",NULL,"number","1",NULL,"51"
"70","2015","8","TKH-2015-000870","American foulbrood of honey bees","1341976","2015-08-05","2015-10-08","AUT","AT31","417",NULL,"number","1",NULL,"27"
"71","2015","8","TKH-2015-000871","American foulbrood of honey bees","1341976","2015-08-03","2016-04-27","AUT","AT33","703",NULL,"number","1",NULL,"56"
"72","2015","8","TKH-2015-000875","American foulbrood of honey bees","1341976","2015-08-01","2015-10-12","AUT","AT33","704",NULL,"number","1",NULL,"27"
"73","2015","8","TKH-2015-000883","American foulbrood of honey bees","1341976","2015-08-14","2016-04-27","AUT","AT33","703",NULL,"number","1",NULL,"56"
"74","2015","8","TKH-2015-000886","American foulbrood of honey bees","1341976","2015-08-05","2016-06-06","AUT","AT32","504",NULL,"number","1",NULL,"61"
"75","2015","8","TKH-2015-000887","American foulbrood of honey bees","1341976","2015-08-05","2016-06-06","AUT","AT32","504",NULL,"number","1",NULL,"61"
"76","2015","8","TKH-2015-000889","American foulbrood of honey bees","1341976","2015-08-05",NULL,"AUT","AT12","315",NULL,"number","1",NULL,"54"
"77","2016","8","TKH-2015-000891","American foulbrood of honey bees","1341976","2016-08-24","2017-05-08","AUT","AT32","504",NULL,"number","1",NULL,"59"
"78","2015","8","TKH-2015-000892","American foulbrood of honey bees","1341976","2015-08-13","2016-06-21","AUT","AT12","325",NULL,"number","1",NULL,"57"
"79","2015","8","TKH-2015-000893","American foulbrood of honey bees","1341976","2015-08-13","2015-10-12","AUT","AT12","325",NULL,"number","1",NULL,"27"
"80","2015","8","TKH-2015-000895","American foulbrood of honey bees","1341976","2015-08-10","2016-07-21","AUT","AT32","504",NULL,"number","1",NULL,"61"
"81","2015","8","TKH-2015-000896","American foulbrood of honey bees","1341976","2015-08-06","2016-04-22","AUT","AT12","315",NULL,"number","1",NULL,"56"
"82","2015","8","TKH-2015-000897","American foulbrood of honey bees","1341976","2015-08-13",NULL,"AUT","AT22","621",NULL,"number","1",NULL,"61"
"83","2015","8","TKH-2015-000901","American foulbrood of honey bees","1341976","2015-08-10","2016-06-16","AUT","AT33","703",NULL,"number","1",NULL,"61"
"84","2015","8","TKH-2015-000906","American foulbrood of honey bees","1341976","2015-08-17","2016-04-13","AUT","AT31","408",NULL,"number","1",NULL,"56"
"85","2015","10","TKH-2015-000909","American foulbrood of honey bees","1341976","2015-10-06",NULL,"AUT","AT22","621",NULL,"number","1",NULL,"61"
"86","2015","8","TKH-2015-000911","American foulbrood of honey bees","1341976","2015-08-28","2016-06-27","AUT","AT33","703",NULL,"number","1",NULL,"61"
"87","2015","8","TKH-2015-000913","American foulbrood of honey bees","1341976","2015-08-18","2016-04-04","AUT","AT22","616",NULL,"number","1",NULL,"56"
"88","2015","10","TKH-2015-000914","American foulbrood of honey bees","1341976","2015-10-06",NULL,"AUT","AT22","621",NULL,"number","1",NULL,"61"
"89","2015","8","TKH-2015-000915","American foulbrood of honey bees","1341976","2015-08-31","2017-05-05","AUT","AT32","504",NULL,"number","1",NULL,"61"
"90","2015","8","TKH-2015-000925","American foulbrood of honey bees","1341976","2015-08-26","2016-05-17","AUT","AT31","404",NULL,"number","1",NULL,"61"
"91","2015","9","TKH-2015-000926","American foulbrood of honey bees","1341976","2015-09-04","2016-07-21","AUT","AT32","504",NULL,"number","1",NULL,"61"
"92","2015","8","TKH-2015-000927","American foulbrood of honey bees","1341976","2015-08-25","2016-08-18","AUT","AT12","315",NULL,"number","1",NULL,"59"
"93","2015","8","TKH-2015-000928","American foulbrood of honey bees","1341976","2015-08-25","2016-08-18","AUT","AT12","315",NULL,"number","1",NULL,"59"
"94","2015","8","TKH-2015-000930","American foulbrood of honey bees","1341976","2015-08-27","2016-04-05","AUT","AT12","315",NULL,"number","1",NULL,"56"
"95","2015","9","TKH-2015-000933","American foulbrood of honey bees","1341976","2015-09-01","2016-06-02","AUT","AT12","325",NULL,"number","1",NULL,"57"
"96","2015","8","TKH-2015-000936","American foulbrood of honey bees","1341976","2015-08-27","2016-04-11","AUT","AT31","408",NULL,"number","1",NULL,"56"
"97","2015","9","TKH-2015-000945","American foulbrood of honey bees","1341976","2015-09-03","2016-06-16","AUT","AT33","703",NULL,"number","1",NULL,"61"
"98","2015","9","TKH-2015-000946","American foulbrood of honey bees","1341976","2015-09-03","2016-04-27","AUT","AT33","703",NULL,"number","1",NULL,"56"
"99","2015","9","TKH-2015-000947","American foulbrood of honey bees","1341976","2015-09-01","2016-06-13","AUT","AT22","611",NULL,"number","1",NULL,"61"
"100","2015","9","TKH-2015-000957","American foulbrood of honey bees","1341976","2015-09-09","2016-04-12","AUT","AT12","315",NULL,"number","1",NULL,"56"
"101","2015","9","TKH-2015-000958","American foulbrood of honey bees","1341976","2015-09-17","2016-06-27","AUT","AT33","703",NULL,"number","1",NULL,"61"
"102","2015","10","TKH-2015-000960","American foulbrood of honey bees","1341976","2015-10-06",NULL,"AUT","AT22","621",NULL,"number","1",NULL,"61"
"103","2015","9","TKH-2015-000961","American foulbrood of honey bees","1341976","2015-09-21","2016-09-26","AUT","AT12","323",NULL,"number","1",NULL,"59"
"104","2015","9","TKH-2015-000965","American foulbrood of honey bees","1341976","2015-09-21","2016-04-12","AUT","AT12","315",NULL,"number","1",NULL,"56"
"105","2015","9","TKH-2015-000967","American foulbrood of honey bees","1341976","2015-09-17","2016-07-21","AUT","AT32","504",NULL,"number","1",NULL,"61"
"106","2015","9","TKH-2015-000968","American foulbrood of honey bees","1341976","2015-09-18","2016-07-21","AUT","AT32","504",NULL,"number","1",NULL,"61"
"107","2015","9","TKH-2015-000969","American foulbrood of honey bees","1341976","2015-09-22",NULL,"AUT","AT32","504",NULL,"number","1",NULL,"61"
"108","2015","9","TKH-2015-000974","American foulbrood of honey bees","1341976","2015-09-30",NULL,"AUT","AT12","320",NULL,"number","1",NULL,"56"
"109","2015","9","TKH-2015-000981","American foulbrood of honey bees","1341976","2015-09-29","2016-04-11","AUT","AT12","320",NULL,"number","1",NULL,"56"
"110","2015","9","TKH-2015-000983","American foulbrood of honey bees","1341976","2015-09-29","2016-04-12","AUT","AT12","315",NULL,"number","1",NULL,"56"
"111","2015","9","TKH-2015-000984","American foulbrood of honey bees","1341976","2015-09-29","2016-04-12","AUT","AT12","315",NULL,"number","1",NULL,"56"
"112","2015","10","TKH-2015-000985","American foulbrood of honey bees","1341976","2015-10-05",NULL,"AUT","AT12","325",NULL,"number","1",NULL,"56"
"113","2015","9","TKH-2015-000986","American foulbrood of honey bees","1341976","2015-09-29","2016-06-13","AUT","AT22","611",NULL,"number","1",NULL,"61"
"114","2015","9","TKH-2015-000995","American foulbrood of honey bees","1341976","2015-09-30","2016-04-27","AUT","AT33","703",NULL,"number","1",NULL,"56"
"115","2016","2","TKH-2016-000091","American foulbrood of honey bees","1341976","2016-02-23","2016-09-26","AUT","AT12","323",NULL,"number","1",NULL,"59"
"116","2016","4","TKH-2016-000099","American foulbrood of honey bees","1341976","2016-04-12","2019-09-30","AUT","AT22","614",NULL,"number","1",NULL,"61"
"117","2016","4","TKH-2016-000114","American foulbrood of honey bees","1341976","2016-04-13","2016-05-09","AUT","AT21","208",NULL,"number","1",NULL,"61"
"118","2016","3","TKH-2016-000115","American foulbrood of honey bees","1341976","2016-03-31","2016-07-07","AUT","AT31","410",NULL,"number","1",NULL,"61"
"119","2016","4","TKH-2016-000120","American foulbrood of honey bees","1341976","2016-04-13","2016-06-27","AUT","AT33","709",NULL,"number","1",NULL,"61"
"120","2016","4","TKH-2016-000121","American foulbrood of honey bees","1341976","2016-04-13","2016-06-14","AUT","AT12","320",NULL,"number","1",NULL,"61"
"121","2016","4","TKH-2016-000122","American foulbrood of honey bees","1341976","2016-04-06","2016-08-18","AUT","AT12","315",NULL,"number","1",NULL,"61"
"122","2016","4","TKH-2016-000127","American foulbrood of honey bees","1341976","2016-04-21","2016-11-09","AUT","AT22","623",NULL,"number","1",NULL,"61"
"123","2016","4","TKH-2016-000129","American foulbrood of honey bees","1341976","2016-04-21",NULL,"AUT","AT32","504",NULL,"number","1",NULL,"61"
"124","2016","4","TKH-2016-000130","American foulbrood of honey bees","1341976","2016-04-21","2016-09-30","AUT","AT32","504",NULL,"number","1",NULL,"61"
"125","2016","4","TKH-2016-000132","American foulbrood of honey bees","1341976","2016-04-20","2016-06-27","AUT","AT33","703",NULL,"number","1",NULL,"61"
"126","2016","4","TKH-2016-000136","American foulbrood of honey bees","1341976","2016-04-28",NULL,"AUT","AT22","616",NULL,"number","1",NULL,"61"
"127","2016","5","TKH-2016-000137","American foulbrood of honey bees","1341976","2016-05-02","2016-09-20","AUT","AT22","617",NULL,"number","1",NULL,"61"
"128","2016","4","TKH-2016-000138","American foulbrood of honey bees","1341976","2016-04-21","2016-09-26","AUT","AT12","323",NULL,"number","1",NULL,"61"
"129","2016","5","TKH-2016-000139","American foulbrood of honey bees","1341976","2016-05-03","2016-05-13","AUT","AT21","208",NULL,"number","1",NULL,"61"
"130","2016","4","TKH-2016-000140","American foulbrood of honey bees","1341976","2016-04-30","2016-11-11","AUT","AT31","404",NULL,"number","1",NULL,"61"
"131","2016","5","TKH-2016-000141","American foulbrood of honey bees","1341976","2016-05-02","2016-09-26","AUT","AT32","504",NULL,"number","1",NULL,"61"
"132","2016","5","TKH-2016-000142","American foulbrood of honey bees","1341976","2016-05-02","2016-09-27","AUT","AT32","504",NULL,"number","1",NULL,"61"
"133","2016","5","TKH-2016-000143","American foulbrood of honey bees","1341976","2016-05-03","2017-05-19","AUT","AT22","620",NULL,"number","1",NULL,"61"
"134","2016","5","TKH-2016-000145","American foulbrood of honey bees","1341976","2016-05-18",NULL,"AUT","AT21","206",NULL,"number","1",NULL,"61"
"135","2016","5","TKH-2016-000146","American foulbrood of honey bees","1341976","2016-05-02","2019-01-14","AUT","AT31","410",NULL,"number","1",NULL,"61"
"136","2016","5","TKH-2016-000148","American foulbrood of honey bees","1341976","2016-05-01","2016-09-20","AUT","AT22","617",NULL,"number","1",NULL,"61"
"137","2016","5","TKH-2016-000149","American foulbrood of honey bees","1341976","2016-05-01","2016-09-20","AUT","AT22","617",NULL,"number","1",NULL,"61"
"138","2016","5","TKH-2016-000150","American foulbrood of honey bees","1341976","2016-05-09","2016-08-19","AUT","AT33","709",NULL,"number","1",NULL,"61"
"139","2016","5","TKH-2016-000151","American foulbrood of honey bees","1341976","2016-05-23","2016-07-29","AUT","AT22","601",NULL,"number","1",NULL,"61"
"140","2016","4","TKH-2016-000152","American foulbrood of honey bees","1341976","2016-04-20","2016-09-26","AUT","AT12","323",NULL,"number","1",NULL,"61"
"141","2016","5","TKH-2016-000153","American foulbrood of honey bees","1341976","2016-05-08","2016-09-27","AUT","AT32","504",NULL,"number","1",NULL,"61"
"142","2016","5","TKH-2016-000154","American foulbrood of honey bees","1341976","2016-05-11","2016-09-27","AUT","AT32","504",NULL,"number","1",NULL,"61"
"143","2016","5","TKH-2016-000155","American foulbrood of honey bees","1341976","2016-05-05","2016-08-23","AUT","AT22","621",NULL,"number","1",NULL,"61"
"144","2016","5","TKH-2016-000156","American foulbrood of honey bees","1341976","2016-05-27","2016-09-24","AUT","AT33","705",NULL,"number","1",NULL,"61"
"145","2016","5","TKH-2016-000159","American foulbrood of honey bees","1341976","2016-05-13","2016-09-06","AUT","AT31","413",NULL,"number","1",NULL,"61"
"146","2016","5","TKH-2016-000160","American foulbrood of honey bees","1341976","2016-05-24","2016-09-28","AUT","AT32","504",NULL,"number","1",NULL,"61"
"147","2016","5","TKH-2016-000161","American foulbrood of honey bees","1341976","2016-05-19","2016-09-26","AUT","AT32","504",NULL,"number","1",NULL,"61"
"148","2016","5","TKH-2016-000162","American foulbrood of honey bees","1341976","2016-05-19","2016-09-26","AUT","AT32","504",NULL,"number","1",NULL,"61"
"149","2016","5","TKH-2016-000163","American foulbrood of honey bees","1341976","2016-05-19","2016-09-26","AUT","AT32","504",NULL,"number","1",NULL,"61"
"150","2016","5","TKH-2016-000164","American foulbrood of honey bees","1341976","2016-05-25",NULL,"AUT","AT21","205",NULL,"number","1",NULL,"61"
"151","2016","5","TKH-2016-000165","American foulbrood of honey bees","1341976","2016-05-20",NULL,"AUT","AT22","612",NULL,"number","1",NULL,"61"
"152","2016","5","TKH-2016-000166","American foulbrood of honey bees","1341976","2016-05-25",NULL,"AUT","AT21","206",NULL,"number","1",NULL,"61"
"153","2016","5","TKH-2016-000167","American foulbrood of honey bees","1341976","2016-05-23",NULL,"AUT","AT22","612",NULL,"number","1",NULL,"61"
"154","2016","5","TKH-2016-000169","American foulbrood of honey bees","1341976","2016-05-22","2016-09-27","AUT","AT32","504",NULL,"number","1",NULL,"61"
"155","2016","5","TKH-2016-000170","American foulbrood of honey bees","1341976","2016-05-24","2016-06-24","AUT","AT12","306",NULL,"number","1",NULL,"61"
"156","2016","6","TKH-2016-000173","American foulbrood of honey bees","1341976","2016-06-06","2016-09-20","AUT","AT32","504",NULL,"number","1",NULL,"59"
"157","2016","5","TKH-2016-000176","American foulbrood of honey bees","1341976","2016-05-18","2016-09-26","AUT","AT32","504",NULL,"number","1",NULL,"61"
"158","2016","5","TKH-2016-000177","American foulbrood of honey bees","1341976","2016-05-22","2016-09-27","AUT","AT32","504",NULL,"number","1",NULL,"61"
"159","2016","5","TKH-2016-000178","American foulbrood of honey bees","1341976","2016-05-23","2017-07-06","AUT","AT32","504",NULL,"number","1",NULL,"61"
"160","2016","5","TKH-2016-000179","American foulbrood of honey bees","1341976","2016-05-23","2016-09-27","AUT","AT32","504",NULL,"number","1",NULL,"61"
"161","2016","5","TKH-2016-000180","American foulbrood of honey bees","1341976","2016-05-23","2016-10-05","AUT","AT32","504",NULL,"number","1",NULL,"61"
"162","2016","5","TKH-2016-000181","American foulbrood of honey bees","1341976","2016-05-23","2016-09-27","AUT","AT32","504",NULL,"number","1",NULL,"61"
"163","2016","5","TKH-2016-000188","American foulbrood of honey bees","1341976","2016-05-25","2016-09-11","AUT","AT32","504",NULL,"number","1",NULL,"61"
"164","2016","5","TKH-2016-000189","American foulbrood of honey bees","1341976","2016-05-30","2016-08-16","AUT","AT33","709",NULL,"number","1",NULL,"61"
"165","2016","6","TKH-2016-000190","American foulbrood of honey bees","1341976","2016-06-02","2016-09-19","AUT","AT22","606",NULL,"number","1",NULL,"59"
"166","2016","6","TKH-2016-000191","American foulbrood of honey bees","1341976","2016-06-02","2016-09-19","AUT","AT22","606",NULL,"number","1",NULL,"59"
"167","2016","5","TKH-2016-000193","American foulbrood of honey bees","1341976","2016-05-28",NULL,"AUT","AT32","504",NULL,"number","1",NULL,"61"
"168","2016","5","TKH-2016-000194","American foulbrood of honey bees","1341976","2016-05-31","2016-09-28","AUT","AT32","504",NULL,"number","1",NULL,"61"
"169","2016","5","TKH-2016-000195","American foulbrood of honey bees","1341976","2016-05-30","2016-08-31","AUT","AT22","614",NULL,"number","1",NULL,"61"
"170","2016","6","TKH-2016-000200","American foulbrood of honey bees","1341976","2016-06-02","2016-08-23","AUT","AT22","621",NULL,"number","1",NULL,"59"
"171","2016","5","TKH-2016-000201","American foulbrood of honey bees","1341976","2016-05-27","2017-03-30","AUT","AT22","616",NULL,"number","1",NULL,"61"
"172","2016","5","TKH-2016-000202","American foulbrood of honey bees","1341976","2016-05-27",NULL,"AUT","AT22","616",NULL,"number","1",NULL,"61"
"173","2016","6","TKH-2016-000204","American foulbrood of honey bees","1341976","2016-06-10","2016-09-24","AUT","AT33","705",NULL,"number","1",NULL,"59"
"174","2016","5","TKH-2016-000206","American foulbrood of honey bees","1341976","2016-05-31","2016-09-06","AUT","AT31","413",NULL,"number","1",NULL,"61"
"175","2016","5","TKH-2016-000207","American foulbrood of honey bees","1341976","2016-05-27","2017-05-19","AUT","AT22","620",NULL,"number","1",NULL,"61"
"176","2016","5","TKH-2016-000208","American foulbrood of honey bees","1341976","2016-05-27",NULL,"AUT","AT22","620",NULL,"number","1",NULL,"61"
"177","2016","7","TKH-2016-000210","American foulbrood of honey bees","1341976","2016-07-05","2016-09-15","AUT","AT33","705",NULL,"number","1",NULL,"59"
"178","2016","6","TKH-2016-000213","American foulbrood of honey bees","1341976","2016-06-03","2017-07-17","AUT","AT22","611",NULL,"number","1",NULL,"59"
"179","2016","6","TKH-2016-000215","American foulbrood of honey bees","1341976","2016-06-08","2017-08-03","AUT","AT12","306",NULL,"number","1",NULL,"59"
"180","2016","6","TKH-2016-000216","American foulbrood of honey bees","1341976","2016-06-13","2017-08-03","AUT","AT12","306",NULL,"number","1",NULL,"59"
"181","2016","6","TKH-2016-000221","American foulbrood of honey bees","1341976","2016-06-08","2016-09-06","AUT","AT31","413",NULL,"number","1",NULL,"59"
"182","2016","6","TKH-2016-000222","American foulbrood of honey bees","1341976","2016-06-09","2016-09-06","AUT","AT31","413",NULL,"number","1",NULL,"59"
"183","2016","6","TKH-2016-000229","American foulbrood of honey bees","1341976","2016-06-21","2018-07-30","AUT","AT22","620",NULL,"number","1",NULL,"60"
"184","2016","6","TKH-2016-000230","American foulbrood of honey bees","1341976","2016-06-16","2016-06-24","AUT","AT12","306",NULL,"number","1",NULL,"57"
"185","2016","6","TKH-2016-000236","American foulbrood of honey bees","1341976","2016-06-14","2016-08-26","AUT","AT12","308",NULL,"number","1",NULL,"59"
"186","2016","6","TKH-2016-000237","American foulbrood of honey bees","1341976","2016-06-14","2016-08-26","AUT","AT12","308",NULL,"number","1",NULL,"59"
"187","2016","6","TKH-2016-000240","American foulbrood of honey bees","1341976","2016-06-12","2016-09-18","AUT","AT32","504",NULL,"number","1",NULL,"59"
"188","2016","6","TKH-2016-000241","American foulbrood of honey bees","1341976","2016-06-12","2016-09-18","AUT","AT32","504",NULL,"number","1",NULL,"59"
"189","2016","6","TKH-2016-000242","American foulbrood of honey bees","1341976","2016-06-16","2016-09-09","AUT","AT32","504",NULL,"number","1",NULL,"59"
"190","2016","6","TKH-2016-000243","American foulbrood of honey bees","1341976","2016-06-13","2016-09-25","AUT","AT33","705",NULL,"number","1",NULL,"59"
"191","2016","6","TKH-2016-000249","American foulbrood of honey bees","1341976","2016-06-28","2016-09-06","AUT","AT31","413",NULL,"number","1",NULL,"59"
"192","2016","6","TKH-2016-000251","American foulbrood of honey bees","1341976","2016-06-11","2016-09-27","AUT","AT32","504",NULL,"number","1",NULL,"59"
"193","2016","6","TKH-2016-000255","American foulbrood of honey bees","1341976","2016-06-12","2016-09-18","AUT","AT32","504",NULL,"number","1",NULL,"59"
"194","2016","6","TKH-2016-000258","American foulbrood of honey bees","1341976","2016-06-03",NULL,"AUT","AT22","621",NULL,"number","1",NULL,"59"
"195","2016","6","TKH-2016-000259","American foulbrood of honey bees","1341976","2016-06-03",NULL,"AUT","AT22","621",NULL,"number","1",NULL,"59"
"196","2016","6","TKH-2016-000269","American foulbrood of honey bees","1341976","2016-06-19","2016-09-18","AUT","AT32","504",NULL,"number","1",NULL,"59"
"197","2016","7","TKH-2016-000276","American foulbrood of honey bees","1341976","2016-07-05","2018-07-30","AUT","AT22","620",NULL,"number","1",NULL,"60"
"198","2016","6","TKH-2016-000282","American foulbrood of honey bees","1341976","2016-06-30",NULL,"AUT","AT21","203",NULL,"number","1",NULL,"59"
"199","2016","6","TKH-2016-000285","American foulbrood of honey bees","1341976","2016-06-26","2016-09-01","AUT","AT32","504",NULL,"number","1",NULL,"59"
"200","2016","7","TKH-2016-000290","American foulbrood of honey bees","1341976","2016-07-05","2016-11-09","AUT","AT22","623",NULL,"number","1",NULL,"59"
"201","2016","6","TKH-2016-000297","American foulbrood of honey bees","1341976","2016-06-04","2016-09-24","AUT","AT33","705",NULL,"number","1",NULL,"59"
"202","2016","6","TKH-2016-000298","American foulbrood of honey bees","1341976","2016-06-04","2016-09-24","AUT","AT33","705",NULL,"number","1",NULL,"59"
"203","2016","7","TKH-2016-000301","American foulbrood of honey bees","1341976","2016-07-06","2016-10-17","AUT","AT32","504",NULL,"number","1",NULL,"59"
"204","2016","7","TKH-2016-000302","American foulbrood of honey bees","1341976","2016-07-06","2017-04-19","AUT","AT32","504",NULL,"number","1",NULL,"59"
"205","2016","7","TKH-2016-000303","American foulbrood of honey bees","1341976","2016-07-06","2017-04-19","AUT","AT32","504",NULL,"number","1",NULL,"59"
"206","2016","7","TKH-2016-000308","American foulbrood of honey bees","1341976","2016-07-11","2016-09-16","AUT","AT33","705",NULL,"number","1",NULL,"59"
"207","2016","7","TKH-2016-000309","American foulbrood of honey bees","1341976","2016-07-11",NULL,"AUT","AT31","409",NULL,"number","1",NULL,"59"
"208","2016","7","TKH-2016-000310","American foulbrood of honey bees","1341976","2016-07-22","2016-09-28","AUT","AT12","305",NULL,"number","1",NULL,"59"
"209","2016","7","TKH-2016-000315","American foulbrood of honey bees","1341976","2016-07-22","2019-04-11","AUT","AT31","409",NULL,"number","1",NULL,"60"
"210","2016","7","TKH-2016-000334","American foulbrood of honey bees","1341976","2016-07-29",NULL,"AUT","AT31","409",NULL,"number","1",NULL,"59"
"211","2016","8","TKH-2016-000353","American foulbrood of honey bees","1341976","2016-08-01",NULL,"AUT","AT31","409",NULL,"number","1",NULL,"59"
"212","2016","8","TKH-2016-000356","American foulbrood of honey bees","1341976","2016-08-04","2017-04-10","AUT","AT32","504",NULL,"number","1",NULL,"59"
"213","2016","8","TKH-2016-000368","American foulbrood of honey bees","1341976","2016-08-02","2017-04-06","AUT","AT22","616",NULL,"number","1",NULL,"59"
"214","2016","8","TKH-2016-000382","American foulbrood of honey bees","1341976","2016-08-12","2017-05-12","AUT","AT32","504",NULL,"number","1",NULL,"59"
"215","2016","8","TKH-2016-000385","American foulbrood of honey bees","1341976","2016-08-10","2016-10-18","AUT","AT31","412",NULL,"number","1",NULL,"59"
"216","2016","9","TKH-2016-000387","American foulbrood of honey bees","1341976","2016-09-05","2016-10-24","AUT","AT31","415",NULL,"number","1",NULL,"29"
"217","2016","10","TKH-2016-000396","American foulbrood of honey bees","1341976","2016-10-04","2017-04-11","AUT","AT12","305",NULL,"number","1",NULL,"29"
"218","2016","8","TKH-2016-000397","American foulbrood of honey bees","1341976","2016-08-29","2017-04-06","AUT","AT22","616",NULL,"number","1",NULL,"59"
"219","2016","8","TKH-2016-000398","American foulbrood of honey bees","1341976","2016-08-29","2017-04-06","AUT","AT22","616",NULL,"number","1",NULL,"59"
"220","2016","8","TKH-2016-000401","American foulbrood of honey bees","1341976","2016-08-23","2017-04-11","AUT","AT12","305",NULL,"number","1",NULL,"59"
"221","2016","4","TKH-2016-000404","American foulbrood of honey bees","1341976","2016-04-21","2016-10-17","AUT","AT34","802",NULL,"number","1",NULL,"59"
"222","2016","6","TKH-2016-000405","American foulbrood of honey bees","1341976","2016-06-21","2016-10-17","AUT","AT34","802",NULL,"number","1",NULL,"59"
"223","2016","7","TKH-2016-000406","American foulbrood of honey bees","1341976","2016-07-26","2017-03-27","AUT","AT34","803",NULL,"number","1",NULL,"59"
"224","2016","7","TKH-2016-000407","American foulbrood of honey bees","1341976","2016-07-31","2017-04-06","AUT","AT34","802",NULL,"number","1",NULL,"59"
"225","2016","8","TKH-2016-000415","American foulbrood of honey bees","1341976","2016-08-30","2017-04-06","AUT","AT34","802",NULL,"number","1",NULL,"59"
"226","2016","10","TKH-2016-000425","American foulbrood of honey bees","1341976","2016-10-04","2017-05-12","AUT","AT12","305",NULL,"number","1",NULL,"29"
"227","2016","10","TKH-2016-000431","American foulbrood of honey bees","1341976","2016-10-04","2017-04-11","AUT","AT12","305",NULL,"number","1",NULL,"29"
"228","2016","10","TKH-2016-000432","American foulbrood of honey bees","1341976","2016-10-04","2017-04-11","AUT","AT12","305",NULL,"number","1",NULL,"29"
"229","2016","10","TKH-2016-000433","American foulbrood of honey bees","1341976","2016-10-05","2017-04-11","AUT","AT12","305",NULL,"number","1",NULL,"29"
"230","2016","9","TKH-2016-000439","American foulbrood of honey bees","1341976","2016-09-07","2017-06-09","AUT","AT34","802",NULL,"number","1",NULL,"29"
"231","2016","9","TKH-2016-000443","American foulbrood of honey bees","1341976","2016-09-02","2017-05-31","AUT","AT12","323",NULL,"number","1",NULL,"29"
"232","2016","4","TKH-2016-000451","American foulbrood of honey bees","1341976","2016-04-29","2016-09-26","AUT","AT12","323",NULL,"number","1",NULL,"1"
"233","2016","9","TKH-2016-000452","American foulbrood of honey bees","1341976","2016-09-02","2017-05-18","AUT","AT12","323",NULL,"number","1",NULL,"29"
"234","2016","10","TKH-2016-000491","American foulbrood of honey bees","1341976","2016-10-11","2017-06-14","AUT","AT33","703",NULL,"number","1",NULL,"29"
"235","2016","10","TKH-2016-000494","American foulbrood of honey bees","1341976","2016-10-03","2017-06-09","AUT","AT34","802",NULL,"number","1",NULL,"29"
"236","2016","10","TKH-2016-000495","American foulbrood of honey bees","1341976","2016-10-03","2017-06-09","AUT","AT34","802",NULL,"number","1",NULL,"29"
"237","2016","10","TKH-2016-000511","American foulbrood of honey bees","1341976","2016-10-18","2017-06-09","AUT","AT34","802",NULL,"number","1",NULL,"29"
"238","2016","12","TKH-2016-000550","American foulbrood of honey bees","1341976","2016-12-12","2017-06-19","AUT","AT33","704",NULL,"number","1",NULL,"23"
"239","2016","12","TKH-2016-000554","American foulbrood of honey bees","1341976","2016-12-07",NULL,"AUT","AT31","415",NULL,"number","1",NULL,"24"
"240","2017","2","TKH-2016-000570","American foulbrood of honey bees","1341976","2017-02-13","2017-04-03","AUT","AT32","504",NULL,"number","1",NULL,"21"
"241","2017","4","TKH-2017-000155","American foulbrood of honey bees","1341976","2017-04-03","2017-06-21","AUT","AT22","606",NULL,"number","1",NULL,"23"
"242","2017","3","TKH-2017-000156","American foulbrood of honey bees","1341976","2017-03-17","2018-07-30","AUT","AT22","620",NULL,"number","1",NULL,"60"
"243","2017","3","TKH-2017-000157","American foulbrood of honey bees","1341976","2017-03-21",NULL,"AUT","AT34","804",NULL,"number","1",NULL,"23"
"244","2017","3","TKH-2017-000165","American foulbrood of honey bees","1341976","2017-03-31","2017-05-19","AUT","AT22","620",NULL,"number","1",NULL,"22"
"245","2017","4","TKH-2017-000166","American foulbrood of honey bees","1341976","2017-04-03","2017-06-20","AUT","AT12","318",NULL,"number","1",NULL,"23"
"246","2017","3","TKH-2017-000167","American foulbrood of honey bees","1341976","2017-03-29",NULL,"AUT","AT31","404",NULL,"number","1",NULL,"21"
"247","2017","4","TKH-2017-000169","American foulbrood of honey bees","1341976","2017-04-05","2017-05-29","AUT","AT31","404",NULL,"number","1",NULL,"22"
"248","2017","4","TKH-2017-000173","American foulbrood of honey bees","1341976","2017-04-24","2017-06-19","AUT","AT33","704",NULL,"number","1",NULL,"23"
"249","2017","4","TKH-2017-000177","American foulbrood of honey bees","1341976","2017-04-10",NULL,"AUT","AT31","416",NULL,"number","1",NULL,"23"
"250","2017","4","TKH-2017-000181","American foulbrood of honey bees","1341976","2017-04-15","2017-06-14","AUT","AT33","703",NULL,"number","1",NULL,"23"
"251","2017","4","TKH-2017-000185","American foulbrood of honey bees","1341976","2017-04-13",NULL,"AUT","AT12","322",NULL,"number","1",NULL,"24"
"252","2017","4","TKH-2017-000220","American foulbrood of honey bees","1341976","2017-04-25","2017-06-08","AUT","AT32","506",NULL,"number","1",NULL,"23"
"253","2017","5","TKH-2017-000223","American foulbrood of honey bees","1341976","2017-05-01",NULL,"AUT","AT12","318",NULL,"number","1",NULL,"25"
"254","2017","5","TKH-2017-000229","American foulbrood of honey bees","1341976","2017-05-09","2017-11-08","AUT","AT22","611",NULL,"number","1",NULL,"24"
"255","2017","5","TKH-2017-000234","American foulbrood of honey bees","1341976","2017-05-22","2017-09-07","AUT","AT33","705",NULL,"number","1",NULL,"24"
"256","2017","5","TKH-2017-000235","American foulbrood of honey bees","1341976","2017-05-22","2017-10-02","AUT","AT33","705",NULL,"number","1",NULL,"24"
"257","2017","5","TKH-2017-000239","American foulbrood of honey bees","1341976","2017-05-09","2017-08-21","AUT","AT22","606",NULL,"number","1",NULL,"23"
"258","2017","5","TKH-2017-000240","American foulbrood of honey bees","1341976","2017-05-05","2017-08-21","AUT","AT22","606",NULL,"number","1",NULL,"23"
"259","2017","5","TKH-2017-000242","American foulbrood of honey bees","1341976","2017-05-22","2017-09-07","AUT","AT33","705",NULL,"number","1",NULL,"24"
"260","2017","5","TKH-2017-000245","American foulbrood of honey bees","1341976","2017-05-30","2018-06-25","AUT","AT22","614",NULL,"number","1",NULL,"47"
"261","2017","4","TKH-2017-000248","American foulbrood of honey bees","1341976","2017-04-29","2017-08-08","AUT","AT31","408",NULL,"number","1",NULL,"23"
"262","2017","5","TKH-2017-000263","American foulbrood of honey bees","1341976","2017-05-22","2017-08-22","AUT","AT12","315",NULL,"number","1",NULL,"23"
"263","2017","5","TKH-2017-000265","American foulbrood of honey bees","1341976","2017-05-18","2018-05-29","AUT","AT22","614",NULL,"number","1",NULL,"25"
"264","2017","5","TKH-2017-000269","American foulbrood of honey bees","1341976","2017-05-29","2017-08-08","AUT","AT21","204",NULL,"number","1",NULL,"23"
"265","2017","6","TKH-2017-000271","American foulbrood of honey bees","1341976","2017-06-01","2017-08-08","AUT","AT21","204",NULL,"number","1",NULL,"23"
"266","2017","6","TKH-2017-000278","American foulbrood of honey bees","1341976","2017-06-07","2019-10-25","AUT","AT22","614",NULL,"number","1",NULL,"60"
"267","2017","6","TKH-2017-000279","American foulbrood of honey bees","1341976","2017-06-13","2018-05-29","AUT","AT22","614",NULL,"number","1",NULL,"25"
"268","2017","6","TKH-2017-000280","American foulbrood of honey bees","1341976","2017-06-13","2019-06-25","AUT","AT22","614",NULL,"number","1",NULL,"60"
"269","2017","6","TKH-2017-000292","American foulbrood of honey bees","1341976","2017-06-06","2017-10-11","AUT","AT31","414",NULL,"number","1",NULL,"24"
"270","2017","6","TKH-2017-000295","American foulbrood of honey bees","1341976","2017-06-06","2017-10-19","AUT","AT12","309",NULL,"number","1",NULL,"24"
"271","2017","6","TKH-2017-000298","American foulbrood of honey bees","1341976","2017-06-14","2017-08-18","AUT","AT31","413",NULL,"number","1",NULL,"23"
"272","2017","5","TKH-2017-000315","American foulbrood of honey bees","1341976","2017-05-02",NULL,"AUT","AT31","408",NULL,"number","1",NULL,"24"
"273","2017","6","TKH-2017-000323","American foulbrood of honey bees","1341976","2017-06-28","2017-10-19","AUT","AT12","309",NULL,"number","1",NULL,"24"
"274","2017","7","TKH-2017-000325","American foulbrood of honey bees","1341976","2017-07-07","2017-11-24","AUT","AT13","900",NULL,"number","1",NULL,"24"
"275","2017","7","TKH-2017-000330","American foulbrood of honey bees","1341976","2017-07-06","2017-10-16","AUT","AT31","414",NULL,"number","1",NULL,"24"
"276","2017","7","TKH-2017-000338","American foulbrood of honey bees","1341976","2017-07-14","2017-09-18","AUT","AT31","416",NULL,"number","1",NULL,"24"
"277","2017","7","TKH-2017-000342","American foulbrood of honey bees","1341976","2017-07-19","2017-07-26","AUT","AT32","505",NULL,"number","1",NULL,"6"
"278","2017","7","TKH-2017-000344","American foulbrood of honey bees","1341976","2017-07-21","2017-10-16","AUT","AT31","414",NULL,"number","1",NULL,"24"
"279","2017","8","TKH-2017-000348","American foulbrood of honey bees","1341976","2017-08-02","2017-10-10","AUT","AT12","303",NULL,"number","1",NULL,"24"
"280","2017","7","TKH-2017-000350","American foulbrood of honey bees","1341976","2017-07-23","2018-04-27","AUT","AT32","505",NULL,"number","1",NULL,"24"
"281","2017","7","TKH-2017-000353","American foulbrood of honey bees","1341976","2017-07-24","2018-04-16","AUT","AT11","108",NULL,"number","1",NULL,"24"
"282","2017","7","TKH-2017-000355","American foulbrood of honey bees","1341976","2017-07-26","2018-06-08","AUT","AT12","325",NULL,"number","1",NULL,"47"
"283","2017","5","TKH-2017-000365","American foulbrood of honey bees","1341976","2017-05-08","2017-08-07","AUT","AT31","408",NULL,"number","1",NULL,"7"
"284","2017","5","TKH-2017-000370","American foulbrood of honey bees","1341976","2017-05-08","2017-08-07","AUT","AT31","408",NULL,"number","1",NULL,"7"
"285","2017","5","TKH-2017-000371","American foulbrood of honey bees","1341976","2017-05-15","2017-08-07","AUT","AT31","408",NULL,"number","1",NULL,"7"
"286","2017","8","TKH-2017-000376","American foulbrood of honey bees","1341976","2017-08-03","2018-04-27","AUT","AT32","505",NULL,"number","1",NULL,"24"
"287","2017","5","TKH-2017-000377","American foulbrood of honey bees","1341976","2017-05-12","2017-08-08","AUT","AT31","408",NULL,"number","1",NULL,"7"
"288","2017","5","TKH-2017-000378","American foulbrood of honey bees","1341976","2017-05-10","2017-08-07","AUT","AT31","408",NULL,"number","1",NULL,"7"
"289","2017","7","TKH-2017-000386","American foulbrood of honey bees","1341976","2017-07-31","2018-04-24","AUT","AT12","315",NULL,"number","1",NULL,"24"
"290","2017","8","TKH-2017-000388","American foulbrood of honey bees","1341976","2017-08-03","2018-05-25","AUT","AT34","802",NULL,"number","1",NULL,"25"
"291","2017","7","TKH-2017-000391","American foulbrood of honey bees","1341976","2017-07-31","2017-10-04","AUT","AT31","408",NULL,"number","1",NULL,"24"
"292","2017","7","TKH-2017-000392","American foulbrood of honey bees","1341976","2017-07-10","2017-10-04","AUT","AT31","408",NULL,"number","1",NULL,"24"
"293","2017","8","TKH-2017-000399","American foulbrood of honey bees","1341976","2017-08-16","2018-06-07","AUT","AT12","315",NULL,"number","1",NULL,"47"
"294","2017","8","TKH-2017-000400","American foulbrood of honey bees","1341976","2017-08-17",NULL,"AUT","AT21","206",NULL,"number","1",NULL,"60"
"295","2017","8","TKH-2017-000401","American foulbrood of honey bees","1341976","2017-08-21","2018-04-20","AUT","AT31","417",NULL,"number","1",NULL,"24"
"296","2017","8","TKH-2017-000402","American foulbrood of honey bees","1341976","2017-08-24","2018-05-25","AUT","AT34","802",NULL,"number","1",NULL,"25"
"297","2017","8","TKH-2017-000404","American foulbrood of honey bees","1341976","2017-08-21","2018-04-24","AUT","AT12","315",NULL,"number","1",NULL,"24"
"298","2017","8","TKH-2017-000410","American foulbrood of honey bees","1341976","2017-08-21","2017-09-28","AUT","AT34","804",NULL,"number","1",NULL,"24"
"299","2017","9","TKH-2017-000424","American foulbrood of honey bees","1341976","2017-09-05","2018-06-04","AUT","AT31","417",NULL,"number","1",NULL,"47"
"300","2017","9","TKH-2017-000425","American foulbrood of honey bees","1341976","2017-09-14","2017-09-15","AUT","AT22","614",NULL,"number","1",NULL,"24"
"301","2017","9","TKH-2017-000429","American foulbrood of honey bees","1341976","2017-09-04","2018-06-11","AUT","AT33","706",NULL,"number","1",NULL,"47"
"302","2017","9","TKH-2017-000434","American foulbrood of honey bees","1341976","2017-09-13",NULL,"AUT","AT21","206",NULL,"number","1",NULL,"60"
"303","2017","9","TKH-2017-000440","American foulbrood of honey bees","1341976","2017-09-18","2017-10-17","AUT","AT22","617",NULL,"number","1",NULL,"24"
"304","2017","10","TKH-2017-000447","American foulbrood of honey bees","1341976","2017-10-05","2017-10-17","AUT","AT22","617",NULL,"number","1",NULL,"9"
"305","2017","10","TKH-2017-000449","American foulbrood of honey bees","1341976","2017-10-02","2018-05-07","AUT","AT12","320",NULL,"number","1",NULL,"15"
"306","2017","10","TKH-2017-000450","American foulbrood of honey bees","1341976","2017-10-04","2018-06-19","AUT","AT21","201",NULL,"number","1",NULL,"47"
"307","2017","10","TKH-2017-000462","American foulbrood of honey bees","1341976","2017-10-26","2018-04-26","AUT","AT12","303",NULL,"number","1",NULL,"15"
"308","2017","10","TKH-2017-000463","American foulbrood of honey bees","1341976","2017-10-25","2018-04-26","AUT","AT12","303",NULL,"number","1",NULL,"15"
"309","2017","11","TKH-2017-000474","American foulbrood of honey bees","1341976","2017-11-29","2019-09-30","AUT","AT22","614",NULL,"number","1",NULL,"60"
"310","2018","2","TKH-2018-000028","American foulbrood of honey bees","1341976","2018-02-09","2018-02-12","AUT","AT22","623",NULL,"number","1",NULL,"13"
"311","2018","2","TKH-2018-000030","American foulbrood of honey bees","1341976","2018-02-09","2018-04-26","AUT","AT22","623",NULL,"number","1",NULL,"15"
"312","2018","3","TKH-2018-000055","American foulbrood of honey bees","1341976","2018-03-23","2018-06-20","AUT","AT33","709",NULL,"number","1",NULL,"47"
"313","2018","4","TKH-2018-000061","American foulbrood of honey bees","1341976","2018-04-08","2018-06-25","AUT","AT34","802",NULL,"number","1",NULL,"47"
"314","2018","4","TKH-2018-000064","American foulbrood of honey bees","1341976","2018-04-09","2018-06-27","AUT","AT12","320",NULL,"number","1",NULL,"47"
"315","2018","4","TKH-2018-000065","American foulbrood of honey bees","1341976","2018-04-20","2019-06-25","AUT","AT22","614",NULL,"number","1",NULL,"60"
"316","2018","4","TKH-2018-000066","American foulbrood of honey bees","1341976","2018-04-20","2019-06-25","AUT","AT22","614",NULL,"number","1",NULL,"60"
"317","2018","4","TKH-2018-000075","American foulbrood of honey bees","1341976","2018-04-23","2018-07-19","AUT","AT22","614",NULL,"number","1",NULL,"60"
"318","2018","4","TKH-2018-000076","American foulbrood of honey bees","1341976","2018-04-20","2018-06-28","AUT","AT22","601",NULL,"number","1",NULL,"47"
"319","2018","4","TKH-2018-000078","American foulbrood of honey bees","1341976","2018-04-16","2018-09-17","AUT","AT12","309",NULL,"number","1",NULL,"60"
"320","2018","5","TKH-2018-000080","American foulbrood of honey bees","1341976","2018-05-02","2019-06-26","AUT","AT22","614",NULL,"number","1",NULL,"60"
"321","2018","5","TKH-2018-000084","American foulbrood of honey bees","1341976","2018-05-07","2018-07-09","AUT","AT22","617",NULL,"number","1",NULL,"60"
"322","2018","4","TKH-2018-000086","American foulbrood of honey bees","1341976","2018-04-30","2018-08-20","AUT","AT12","323",NULL,"number","1",NULL,"60"
"323","2018","5","TKH-2018-000087","American foulbrood of honey bees","1341976","2018-05-11","2019-10-01","AUT","AT22","614",NULL,"number","1",NULL,"60"
"324","2018","5","TKH-2018-000090","American foulbrood of honey bees","1341976","2018-05-04","2018-09-12","AUT","AT12","309",NULL,"number","1",NULL,"60"
"325","2018","4","TKH-2018-000091","American foulbrood of honey bees","1341976","2018-04-27","2018-09-17","AUT","AT12","309",NULL,"number","1",NULL,"60"
"326","2018","5","TKH-2018-000092","American foulbrood of honey bees","1341976","2018-05-08","2018-09-12","AUT","AT12","309",NULL,"number","1",NULL,"60"
"327","2018","5","TKH-2018-000093","American foulbrood of honey bees","1341976","2018-05-14","2019-01-14","AUT","AT13","900",NULL,"number","1",NULL,"60"
"328","2018","5","TKH-2018-000095","American foulbrood of honey bees","1341976","2018-05-14","2018-05-28","AUT","AT22","614",NULL,"number","1",NULL,"25"
"329","2018","5","TKH-2018-000112","American foulbrood of honey bees","1341976","2018-05-13","2018-09-13","AUT","AT12","318",NULL,"number","1",NULL,"60"
"330","2018","5","TKH-2018-000115","American foulbrood of honey bees","1341976","2018-05-23","2018-09-13","AUT","AT12","318",NULL,"number","1",NULL,"60"
"331","2018","6","TKH-2018-000126","American foulbrood of honey bees","1341976","2018-06-18","2018-09-14","AUT","AT12","303",NULL,"number","1",NULL,"60"
"332","2018","6","TKH-2018-000136","American foulbrood of honey bees","1341976","2018-06-12","2018-10-09","AUT","AT21","204",NULL,"number","1",NULL,"60"
"333","2018","6","TKH-2018-000141","American foulbrood of honey bees","1341976","2018-06-06","2019-01-09","AUT","AT31","414",NULL,"number","1",NULL,"60"
"334","2018","6","TKH-2018-000142","American foulbrood of honey bees","1341976","2018-06-22","2018-09-14","AUT","AT12","303",NULL,"number","1",NULL,"60"
"335","2018","6","TKH-2018-000143","American foulbrood of honey bees","1341976","2018-06-25","2018-09-14","AUT","AT12","303",NULL,"number","1",NULL,"60"
"336","2018","6","TKH-2018-000151","American foulbrood of honey bees","1341976","2018-06-19",NULL,"AUT","AT21","207",NULL,"number","1",NULL,"60"
"337","2018","7","TKH-2018-000177","American foulbrood of honey bees","1341976","2018-07-03","2018-09-14","AUT","AT12","303",NULL,"number","1",NULL,"60"
"338","2018","7","TKH-2018-000181","American foulbrood of honey bees","1341976","2018-07-03","2018-09-14","AUT","AT12","303",NULL,"number","1",NULL,"60"
"339","2018","7","TKH-2018-000228","American foulbrood of honey bees","1341976","2018-07-07","2018-07-16","AUT","AT21","207",NULL,"number","1",NULL,"60"
"340","2018","7","TKH-2018-000230","American foulbrood of honey bees","1341976","2018-07-12","2019-04-25","AUT","AT21","207",NULL,"number","1",NULL,"60"
"341","2018","7","TKH-2018-000237","American foulbrood of honey bees","1341976","2018-07-16","2019-04-11","AUT","AT34","801",NULL,"number","1",NULL,"60"
"342","2018","7","TKH-2018-000238","American foulbrood of honey bees","1341976","2018-07-11","2018-10-05","AUT","AT22","621",NULL,"number","1",NULL,"60"
"343","2018","7","TKH-2018-000240","American foulbrood of honey bees","1341976","2018-07-11",NULL,"AUT","AT22","621",NULL,"number","1",NULL,"60"
"344","2018","7","TKH-2018-000244","American foulbrood of honey bees","1341976","2018-07-14","2019-04-12","AUT","AT12","325",NULL,"number","1",NULL,"60"
"345","2018","7","TKH-2018-000245","American foulbrood of honey bees","1341976","2018-07-18","2019-04-12","AUT","AT12","325",NULL,"number","1",NULL,"60"
"346","2018","7","TKH-2018-000258","American foulbrood of honey bees","1341976","2018-07-19","2019-04-25","AUT","AT21","207",NULL,"number","1",NULL,"60"
"347","2018","7","TKH-2018-000267","American foulbrood of honey bees","1341976","2018-07-31","2018-10-09","AUT","AT21","204",NULL,"number","1",NULL,"60"
"348","2018","7","TKH-2018-000269","American foulbrood of honey bees","1341976","2018-07-27","2019-04-12","AUT","AT12","325",NULL,"number","1",NULL,"60"
"349","2018","7","TKH-2018-000271","American foulbrood of honey bees","1341976","2018-07-25",NULL,"AUT","AT22","621",NULL,"number","1",NULL,"60"
"350","2018","7","TKH-2018-000272","American foulbrood of honey bees","1341976","2018-07-31",NULL,"AUT","AT22","621",NULL,"number","1",NULL,"60"
"351","2018","7","TKH-2018-000274","American foulbrood of honey bees","1341976","2018-07-27",NULL,"AUT","AT22","621",NULL,"number","1",NULL,"60"
"352","2018","7","TKH-2018-000275","American foulbrood of honey bees","1341976","2018-07-25","2019-02-05","AUT","AT22","621",NULL,"number","1",NULL,"60"
"353","2018","8","TKH-2018-000286","American foulbrood of honey bees","1341976","2018-08-16",NULL,"AUT","AT21","207",NULL,"number","1",NULL,"43"
"354","2018","8","TKH-2018-000292","American foulbrood of honey bees","1341976","2018-08-17","2019-04-24","AUT","AT33","708",NULL,"number","1",NULL,"44"
"355","2018","8","TKH-2018-000293","American foulbrood of honey bees","1341976","2018-08-17","2019-04-24","AUT","AT33","708",NULL,"number","1",NULL,"44"
"356","2018","8","TKH-2018-000305","American foulbrood of honey bees","1341976","2018-08-22","2019-04-11","AUT","AT34","801",NULL,"number","1",NULL,"44"
"357","2018","10","TKH-2018-000390","American foulbrood of honey bees","1341976","2018-10-16",NULL,"AUT","AT22","610",NULL,"number","1",NULL,"44"
"358","2018","11","TKH-2018-000403","American foulbrood of honey bees","1341976","2018-11-23","2019-05-23","AUT","AT22","603",NULL,"number","1",NULL,"44"
"359","2019","1","TKH-2019-000013","American foulbrood of honey bees","1341976","2019-01-22","2019-01-23","AUT","AT12","311",NULL,"number","1",NULL,"30"
"360","2019","3","TKH-2019-000049","American foulbrood of honey bees","1341976","2019-03-15","2019-05-24","AUT","AT12","318",NULL,"number","1",NULL,"44"
"361","2019","3","TKH-2019-000053","American foulbrood of honey bees","1341976","2019-03-14","2019-08-02","AUT","AT12","318",NULL,"number","1",NULL,"44"
"362","2019","3","TKH-2019-000060","American foulbrood of honey bees","1341976","2019-03-21","2019-06-27","AUT","AT31","409",NULL,"number","1",NULL,"44"
"363","2019","4","TKH-2019-000070","American foulbrood of honey bees","1341976","2019-04-12","2019-07-29","AUT","AT31","404",NULL,"number","1",NULL,"44"
"364","2019","4","TKH-2019-000071","American foulbrood of honey bees","1341976","2019-04-11","2019-07-10","AUT","AT31","409",NULL,"number","1",NULL,"44"
"365","2019","4","TKH-2019-000073","American foulbrood of honey bees","1341976","2019-04-18",NULL,"AUT","AT22","614",NULL,"number","1",NULL,"44"
"366","2019","4","TKH-2019-000077","American foulbrood of honey bees","1341976","2019-04-04",NULL,"AUT","AT31","409",NULL,"number","1",NULL,"44"
"367","2019","4","TKH-2019-000081","American foulbrood of honey bees","1341976","2019-04-19","2019-09-12","AUT","AT12","305",NULL,"number","1",NULL,"44"
"368","2019","4","TKH-2019-000082","American foulbrood of honey bees","1341976","2019-04-23","2019-07-02","AUT","AT12","306",NULL,"number","1",NULL,"44"
"369","2019","4","TKH-2019-000083","American foulbrood of honey bees","1341976","2019-04-29",NULL,"AUT","AT12","319",NULL,"number","1",NULL,"44"
"370","2019","4","TKH-2019-000085","American foulbrood of honey bees","1341976","2019-04-19",NULL,"AUT","AT12","317",NULL,"number","1",NULL,"44"
"371","2019","4","TKH-2019-000091","American foulbrood of honey bees","1341976","2019-04-18",NULL,"AUT","AT12","321",NULL,"number","1",NULL,"44"
"372","2019","4","TKH-2019-000094","American foulbrood of honey bees","1341976","2019-04-25","2019-09-23","AUT","AT31","404",NULL,"number","1",NULL,"44"
"373","2019","4","TKH-2019-000095","American foulbrood of honey bees","1341976","2019-04-24","2019-09-23","AUT","AT31","404",NULL,"number","1",NULL,"44"
"374","2019","4","TKH-2019-000097","American foulbrood of honey bees","1341976","2019-04-24","2019-09-23","AUT","AT31","404",NULL,"number","1",NULL,"44"
"375","2019","5","TKH-2019-000109","American foulbrood of honey bees","1341976","2019-05-04","2019-07-17","AUT","AT22","621",NULL,"number","1",NULL,"35"
"376","2019","5","TKH-2019-000111","American foulbrood of honey bees","1341976","2019-05-20","2019-09-10","AUT","AT21","208",NULL,"number","1",NULL,"33"
"377","2019","5","TKH-2019-000119","American foulbrood of honey bees","1341976","2019-05-13",NULL,"AUT","AT22","601",NULL,"number","1",NULL,"38"
"378","2019","5","TKH-2019-000123","American foulbrood of honey bees","1341976","2019-05-14","2019-10-21","AUT","AT12","323",NULL,"number","1",NULL,"34"
"379","2019","5","TKH-2019-000134","American foulbrood of honey bees","1341976","2019-05-18",NULL,"AUT","AT12","319",NULL,"number","1",NULL,"38"
"380","2019","5","TKH-2019-000138","American foulbrood of honey bees","1341976","2019-05-17","2019-08-27","AUT","AT32","504",NULL,"number","1",NULL,"33"
"381","2019","6","TKH-2019-000142","American foulbrood of honey bees","1341976","2019-06-03","2019-08-06","AUT","AT11","106",NULL,"number","1",NULL,"33"
"382","2019","5","TKH-2019-000149","American foulbrood of honey bees","1341976","2019-05-28","2019-07-29","AUT","AT21","207",NULL,"number","1",NULL,"32"
"383","2019","5","TKH-2019-000153","American foulbrood of honey bees","1341976","2019-05-26","2019-09-25","AUT","AT31","404",NULL,"number","1",NULL,"33"
"384","2019","5","TKH-2019-000154","American foulbrood of honey bees","1341976","2019-05-26","2019-10-04","AUT","AT31","404",NULL,"number","1",NULL,"34"
"385","2019","5","TKH-2019-000160","American foulbrood of honey bees","1341976","2019-05-26","2019-10-04","AUT","AT31","404",NULL,"number","1",NULL,"34"
"386","2019","6","TKH-2019-000161","American foulbrood of honey bees","1341976","2019-06-03","2019-08-23","AUT","AT33","703",NULL,"number","1",NULL,"33"
"387","2019","6","TKH-2019-000164","American foulbrood of honey bees","1341976","2019-06-03","2019-08-27","AUT","AT32","504",NULL,"number","1",NULL,"33"
"388","2019","6","TKH-2019-000165","American foulbrood of honey bees","1341976","2019-06-03","2019-09-02","AUT","AT32","504",NULL,"number","1",NULL,"33"
"389","2019","6","TKH-2019-000166","American foulbrood of honey bees","1341976","2019-06-03","2019-08-27","AUT","AT32","504",NULL,"number","1",NULL,"33"
"390","2019","6","TKH-2019-000169","American foulbrood of honey bees","1341976","2019-06-03","2019-08-27","AUT","AT32","504",NULL,"number","1",NULL,"33"
"391","2019","6","TKH-2019-000170","American foulbrood of honey bees","1341976","2019-06-05","2019-08-27","AUT","AT32","504",NULL,"number","1",NULL,"33"
"392","2019","6","TKH-2019-000172","American foulbrood of honey bees","1341976","2019-06-06","2019-11-05","AUT","AT32","504",NULL,"number","1",NULL,"35"
"393","2019","6","TKH-2019-000186","American foulbrood of honey bees","1341976","2019-06-14",NULL,"AUT","AT21","208",NULL,"number","1",NULL,"35"
"394","2019","6","TKH-2019-000187","American foulbrood of honey bees","1341976","2019-06-14","2019-09-06","AUT","AT21","208",NULL,"number","1",NULL,"33"
"395","2019","6","TKH-2019-000188","American foulbrood of honey bees","1341976","2019-06-14","2019-09-06","AUT","AT21","208",NULL,"number","1",NULL,"33"
"396","2019","4","TKH-2019-000189","American foulbrood of honey bees","1341976","2019-04-25",NULL,"AUT","AT22","614",NULL,"number","1",NULL,"38"
"397","2019","6","TKH-2019-000194","American foulbrood of honey bees","1341976","2019-06-12","2019-08-23","AUT","AT33","703",NULL,"number","1",NULL,"33"
"398","2019","6","TKH-2019-000195","American foulbrood of honey bees","1341976","2019-06-06","2019-10-04","AUT","AT31","404",NULL,"number","1",NULL,"34"
"399","2019","5","TKH-2019-000197","American foulbrood of honey bees","1341976","2019-05-20",NULL,"AUT","AT22","610",NULL,"number","1",NULL,"38"
"400","2019","6","TKH-2019-000202","American foulbrood of honey bees","1341976","2019-06-26",NULL,"AUT","AT22","620",NULL,"number","1",NULL,"38"
"401","2019","7","TKH-2019-000209","American foulbrood of honey bees","1341976","2019-07-01","2019-09-30","AUT","AT33","706",NULL,"number","1",NULL,"33"
"402","2019","7","TKH-2019-000223","American foulbrood of honey bees","1341976","2019-07-01","2019-09-30","AUT","AT33","706",NULL,"number","1",NULL,"33"
"403","2019","7","TKH-2019-000224","American foulbrood of honey bees","1341976","2019-07-01","2019-09-30","AUT","AT33","706",NULL,"number","1",NULL,"33"
"404","2019","6","TKH-2019-000227","American foulbrood of honey bees","1341976","2019-06-03","2019-10-28","AUT","AT22","614",NULL,"number","1",NULL,"34"
"405","2019","7","TKH-2019-000230","American foulbrood of honey bees","1341976","2019-07-01","2019-09-30","AUT","AT33","706",NULL,"number","1",NULL,"33"
"406","2019","7","TKH-2019-000231","American foulbrood of honey bees","1341976","2019-07-09","2019-09-30","AUT","AT33","706",NULL,"number","1",NULL,"33"
"407","2019","7","TKH-2019-000232","American foulbrood of honey bees","1341976","2019-07-01",NULL,"AUT","AT33","706",NULL,"number","1",NULL,"38"
"408","2019","7","TKH-2019-000233","American foulbrood of honey bees","1341976","2019-07-01","2019-09-30","AUT","AT33","706",NULL,"number","1",NULL,"33"
"409","2019","6","TKH-2019-000234","American foulbrood of honey bees","1341976","2019-06-14",NULL,"AUT","AT22","620",NULL,"number","1",NULL,"38"
"410","2019","7","TKH-2019-000236","American foulbrood of honey bees","1341976","2019-07-09","2019-09-30","AUT","AT33","706",NULL,"number","1",NULL,"33"
"411","2019","6","TKH-2019-000238","American foulbrood of honey bees","1341976","2019-06-21",NULL,"AUT","AT22","601",NULL,"number","1",NULL,"38"
"412","2019","6","TKH-2019-000239","American foulbrood of honey bees","1341976","2019-06-21",NULL,"AUT","AT22","601",NULL,"number","1",NULL,"38"
"413","2019","7","TKH-2019-000243","American foulbrood of honey bees","1341976","2019-07-04",NULL,"AUT","AT33","706",NULL,"number","1",NULL,"38"
"414","2019","7","TKH-2019-000244","American foulbrood of honey bees","1341976","2019-07-05","2019-09-19","AUT","AT33","706",NULL,"number","1",NULL,"33"
"415","2019","7","TKH-2019-000245","American foulbrood of honey bees","1341976","2019-07-05","2019-09-19","AUT","AT33","706",NULL,"number","1",NULL,"33"
"416","2019","7","TKH-2019-000246","American foulbrood of honey bees","1341976","2019-07-09","2019-09-19","AUT","AT33","706",NULL,"number","1",NULL,"33"
"417","2019","7","TKH-2019-000255","American foulbrood of honey bees","1341976","2019-07-09","2019-09-30","AUT","AT33","706",NULL,"number","1",NULL,"33"
"418","2019","7","TKH-2019-000258","American foulbrood of honey bees","1341976","2019-07-10","2019-09-05","AUT","AT12","318",NULL,"number","1",NULL,"33"
"419","2019","7","TKH-2019-000279","American foulbrood of honey bees","1341976","2019-07-09","2019-10-04","AUT","AT31","404",NULL,"number","1",NULL,"34"
"420","2019","7","TKH-2019-000286","American foulbrood of honey bees","1341976","2019-07-16","2019-10-07","AUT","AT21","204",NULL,"number","1",NULL,"34"
"421","2019","7","TKH-2019-000289","American foulbrood of honey bees","1341976","2019-07-17","2019-10-07","AUT","AT21","204",NULL,"number","1",NULL,"34"
"422","2019","7","TKH-2019-000317","American foulbrood of honey bees","1341976","2019-07-16","2019-10-16","AUT","AT31","417",NULL,"number","1",NULL,"34"
"423","2019","7","TKH-2019-000319","American foulbrood of honey bees","1341976","2019-07-30",NULL,"AUT","AT31","416",NULL,"number","1",NULL,"38"
"424","2019","7","TKH-2019-000320","American foulbrood of honey bees","1341976","2019-07-30",NULL,"AUT","AT31","416",NULL,"number","1",NULL,"38"
"425","2019","8","TKH-2019-000321","American foulbrood of honey bees","1341976","2019-08-02",NULL,"AUT","AT33","706",NULL,"number","1",NULL,"38"
"426","2019","7","TKH-2019-000322","American foulbrood of honey bees","1341976","2019-07-29","2019-09-19","AUT","AT33","706",NULL,"number","1",NULL,"33"
"427","2019","7","TKH-2019-000323","American foulbrood of honey bees","1341976","2019-07-29","2019-09-23","AUT","AT33","706",NULL,"number","1",NULL,"33"
"428","2019","8","TKH-2019-000327","American foulbrood of honey bees","1341976","2019-08-05",NULL,"AUT","AT12","308",NULL,"number","1",NULL,"38"
"429","2019","8","TKH-2019-000328","American foulbrood of honey bees","1341976","2019-08-05",NULL,"AUT","AT31","416",NULL,"number","1",NULL,"38"
"430","2019","8","TKH-2019-000330","American foulbrood of honey bees","1341976","2019-08-07",NULL,"AUT","AT12","322",NULL,"number","1",NULL,"38"
"431","2019","8","TKH-2019-000331","American foulbrood of honey bees","1341976","2019-08-05",NULL,"AUT","AT33","706",NULL,"number","1",NULL,"38"
"432","2019","8","TKH-2019-000333","American foulbrood of honey bees","1341976","2019-08-12",NULL,"AUT","AT33","706",NULL,"number","1",NULL,"38"
"433","2019","8","TKH-2019-000335","American foulbrood of honey bees","1341976","2019-08-12",NULL,"AUT","AT33","702",NULL,"number","1",NULL,"38"
"434","2019","8","TKH-2019-000343","American foulbrood of honey bees","1341976","2019-08-16",NULL,"AUT","AT33","706",NULL,"number","1",NULL,"38"
"435","2019","8","TKH-2019-000344","American foulbrood of honey bees","1341976","2019-08-16",NULL,"AUT","AT33","702",NULL,"number","1",NULL,"38"
"436","2019","8","TKH-2019-000346","American foulbrood of honey bees","1341976","2019-08-12",NULL,"AUT","AT33","706",NULL,"number","1",NULL,"38"
"437","2019","8","TKH-2019-000347","American foulbrood of honey bees","1341976","2019-08-12",NULL,"AUT","AT33","706",NULL,"number","1",NULL,"38"
"438","2019","8","TKH-2019-000348","American foulbrood of honey bees","1341976","2019-08-26",NULL,"AUT","AT31","416",NULL,"number","1",NULL,"38"
"439","2019","8","TKH-2019-000350","American foulbrood of honey bees","1341976","2019-08-16",NULL,"AUT","AT33","706",NULL,"number","1",NULL,"38"
"440","2019","8","TKH-2019-000351","American foulbrood of honey bees","1341976","2019-08-19",NULL,"AUT","AT33","706",NULL,"number","1",NULL,"38"
"441","2019","8","TKH-2019-000352","American foulbrood of honey bees","1341976","2019-08-16",NULL,"AUT","AT31","416",NULL,"number","1",NULL,"38"
"442","2019","8","TKH-2019-000354","American foulbrood of honey bees","1341976","2019-08-27",NULL,"AUT","AT33","706",NULL,"number","1",NULL,"38"
"443","2019","8","TKH-2019-000358","American foulbrood of honey bees","1341976","2019-08-20",NULL,"AUT","AT31","413",NULL,"number","1",NULL,"38"
"444","2019","8","TKH-2019-000359","American foulbrood of honey bees","1341976","2019-08-16",NULL,"AUT","AT12","308",NULL,"number","1",NULL,"38"
"445","2019","8","TKH-2019-000362","American foulbrood of honey bees","1341976","2019-08-23",NULL,"AUT","AT33","706",NULL,"number","1",NULL,"38"
"446","2019","8","TKH-2019-000363","American foulbrood of honey bees","1341976","2019-08-23",NULL,"AUT","AT33","706",NULL,"number","1",NULL,"38"
"447","2019","8","TKH-2019-000364","American foulbrood of honey bees","1341976","2019-08-30",NULL,"AUT","AT12","322",NULL,"number","1",NULL,"38"
"448","2019","8","TKH-2019-000365","American foulbrood of honey bees","1341976","2019-08-23",NULL,"AUT","AT33","706",NULL,"number","1",NULL,"38"
"449","2019","9","TKH-2019-000375","American foulbrood of honey bees","1341976","2019-09-03",NULL,"AUT","AT33","706",NULL,"number","1",NULL,"38"
"450","2019","9","TKH-2019-000382","American foulbrood of honey bees","1341976","2019-09-11",NULL,"AUT","AT33","706",NULL,"number","1",NULL,"38"
"451","2019","9","TKH-2019-000387","American foulbrood of honey bees","1341976","2019-09-16",NULL,"AUT","AT34","802",NULL,"number","1",NULL,"38"
"452","2019","9","TKH-2019-000391","American foulbrood of honey bees","1341976","2019-09-18",NULL,"AUT","AT34","802",NULL,"number","1",NULL,"38"
"453","2019","9","TKH-2019-000401","American foulbrood of honey bees","1341976","2019-09-19",NULL,"AUT","AT22","606",NULL,"number","1",NULL,"38"
"454","2019","9","TKH-2019-000425","American foulbrood of honey bees","1341976","2019-09-18","2019-11-25","AUT","AT22","620",NULL,"number","1",NULL,"35"
"455","2019","10","TKH-2019-000450","American foulbrood of honey bees","1341976","2019-10-23",NULL,"AUT","AT31","404",NULL,"number","1",NULL,"38"
"456","2020","1","TKH-2020-000021","American foulbrood of honey bees","1341976","2020-01-13",NULL,"AUT","AT22","612",NULL,"number","1",NULL,"38"
"457","2020","2","TKH-2020-000025","American foulbrood of honey bees","1341976","2020-02-13",NULL,"AUT","AT31","410",NULL,"number","1",NULL,"38"
"458","2020","3","TKH-2020-000048","American foulbrood of honey bees","1341976","2020-03-27",NULL,"AUT","AT12","323",NULL,"number","1",NULL,"38"
"459","2020","3","TKH-2020-000050","American foulbrood of honey bees","1341976","2020-03-19",NULL,"AUT","AT31","412",NULL,"number","1",NULL,"38"
"460","2020","3","TKH-2020-000052","American foulbrood of honey bees","1341976","2020-03-30",NULL,"AUT","AT31","413",NULL,"number","1",NULL,"38"
"461","2020","9",NULL,"American foulbrood of honey bees","1341976",NULL,NULL,"AUT","AT31",NULL,NULL,"number","1",NULL,"62"
"462","2020","9",NULL,"American foulbrood of honey bees","1341976",NULL,NULL,"AUT","AT33",NULL,NULL,"number","6",NULL,"62"
"463","2020","9",NULL,"American foulbrood of honey bees","1341976",NULL,NULL,"AUT","AT34",NULL,NULL,"number","1",NULL,"62"
"464","2021","3",NULL,"Varroosis of honey bees in the case of imminent or actual death of at least 30% of the colonies in an apiary","1341976",NULL,NULL,"AUT","AT21",NULL,NULL,"number","1",NULL,"80"
"465","2021","4",NULL,"American foulbrood of honey bees","1341976",NULL,NULL,"AUT","AT21",NULL,NULL,"number","3",NULL,"63"
"466","2021","4",NULL,"American foulbrood of honey bees","1341976",NULL,NULL,"AUT","AT12",NULL,NULL,"number","4",NULL,"63"
"467","2021","4",NULL,"American foulbrood of honey bees","1341976",NULL,NULL,"AUT","AT31",NULL,NULL,"number","1",NULL,"63"
"468","2021","4",NULL,"American foulbrood of honey bees","1341976",NULL,NULL,"AUT","AT22",NULL,NULL,"number","6",NULL,"63"
"469","2021","4",NULL,"American foulbrood of honey bees","1341976",NULL,NULL,"AUT","AT33",NULL,NULL,"number","2",NULL,"63"
"470","2021","4",NULL,"American foulbrood of honey bees","1341976",NULL,NULL,"AUT","AT13",NULL,NULL,"number","1",NULL,"63"
"471","2021","5",NULL,"American foulbrood of honey bees","1341976",NULL,NULL,"AUT","AT11",NULL,NULL,"number","2",NULL,"64"
"472","2021","5",NULL,"American foulbrood of honey bees","1341976",NULL,NULL,"AUT","AT21",NULL,NULL,"number","1",NULL,"64"
"473","2021","5",NULL,"American foulbrood of honey bees","1341976",NULL,NULL,"AUT","AT12",NULL,NULL,"number","2",NULL,"64"
"474","2021","5",NULL,"American foulbrood of honey bees","1341976",NULL,NULL,"AUT","AT31",NULL,NULL,"number","1",NULL,"64"
"475","2021","5",NULL,"American foulbrood of honey bees","1341976",NULL,NULL,"AUT","AT22",NULL,NULL,"number","1",NULL,"64"
"476","2021","6",NULL,"American foulbrood of honey bees","1341976",NULL,NULL,"AUT","AT12",NULL,NULL,"number","8",NULL,"65"
"477","2021","6",NULL,"American foulbrood of honey bees","1341976",NULL,NULL,"AUT","AT31",NULL,NULL,"number","1",NULL,"65"
"478","2021","6",NULL,"American foulbrood of honey bees","1341976",NULL,NULL,"AUT","AT32",NULL,NULL,"number","1",NULL,"65"
"479","2021","7",NULL,"American foulbrood of honey bees","1341976",NULL,NULL,"AUT","AT31",NULL,NULL,"number","2",NULL,"66"
"480","2021","7",NULL,"American foulbrood of honey bees","1341976",NULL,NULL,"AUT","AT22",NULL,NULL,"number","2",NULL,"66"
"481","2021","7",NULL,"American foulbrood of honey bees","1341976",NULL,NULL,"AUT","AT33",NULL,NULL,"number","1",NULL,"66"
"482","2021","7",NULL,"American foulbrood of honey bees","1341976",NULL,NULL,"AUT","AT13",NULL,NULL,"number","1",NULL,"66"
"483","2021","8",NULL,"American foulbrood of honey bees","1341976",NULL,NULL,"AUT","AT12",NULL,NULL,"number","1",NULL,"67"
"484","2021","8",NULL,"American foulbrood of honey bees","1341976",NULL,NULL,"AUT","AT22",NULL,NULL,"number","1",NULL,"67"
"485","2021","8",NULL,"American foulbrood of honey bees","1341976",NULL,NULL,"AUT","AT33",NULL,NULL,"number","2",NULL,"67"
"486","2021","9",NULL,"American foulbrood of honey bees","1341976",NULL,NULL,"AUT","AT12",NULL,NULL,"number","2",NULL,"68"
"487","2021","9",NULL,"American foulbrood of honey bees","1341976",NULL,NULL,"AUT","AT32",NULL,NULL,"number","5",NULL,"68"
"488","2021","9",NULL,"American foulbrood of honey bees","1341976",NULL,NULL,"AUT","AT22",NULL,NULL,"number","2",NULL,"68"
"489","2021","9",NULL,"American foulbrood of honey bees","1341976",NULL,NULL,"AUT","AT33",NULL,NULL,"number","1",NULL,"68"
"490","2021","10",NULL,"American foulbrood of honey bees","1341976",NULL,NULL,"AUT","AT22",NULL,NULL,"number","2",NULL,"69"
"491","2021","11",NULL,"American foulbrood of honey bees","1341976",NULL,NULL,"AUT","AT12",NULL,NULL,"number","1",NULL,"70"
"492","2022","2",NULL,"American foulbrood of honey bees","1341976",NULL,NULL,"AUT","AT12",NULL,NULL,"number","1",NULL,"71"
"493","2022","2",NULL,"American foulbrood of honey bees","1341976",NULL,NULL,"AUT","AT31",NULL,NULL,"number","1",NULL,"71"
"494","2022","2",NULL,"Varroosis of honey bees in the case of imminent or actual death of at least 30% of the colonies in an apiary","1341976",NULL,NULL,"AUT","AT11",NULL,NULL,"number","1",NULL,"71"
"495","2022","3",NULL,"American foulbrood of honey bees","1341976",NULL,NULL,"AUT","AT11",NULL,NULL,"number","1",NULL,"72"
"496","2022","4",NULL,"American foulbrood of honey bees","1341976",NULL,NULL,"AUT","AT12",NULL,NULL,"number","4",NULL,"73"
"497","2022","4",NULL,"American foulbrood of honey bees","1341976",NULL,NULL,"AUT","AT31",NULL,NULL,"number","2",NULL,"73"
"498","2022","4",NULL,"American foulbrood of honey bees","1341976",NULL,NULL,"AUT","AT32",NULL,NULL,"number","1",NULL,"73"
"499","2022","4",NULL,"American foulbrood of honey bees","1341976",NULL,NULL,"AUT","AT22",NULL,NULL,"number","4",NULL,"73"
"500","2022","5",NULL,"American foulbrood of honey bees","1341976",NULL,NULL,"AUT","AT12",NULL,NULL,"number","6",NULL,"74"
"501","2022","5",NULL,"American foulbrood of honey bees","1341976",NULL,NULL,"AUT","AT31",NULL,NULL,"number","1",NULL,"74"
"502","2022","5",NULL,"American foulbrood of honey bees","1341976",NULL,NULL,"AUT","AT22",NULL,NULL,"number","11",NULL,"74"
"503","2022","5",NULL,"American foulbrood of honey bees","1341976",NULL,NULL,"AUT","AT13",NULL,NULL,"number","1",NULL,"74"
"504","2022","6",NULL,"American foulbrood of honey bees","1341976",NULL,NULL,"AUT","AT21",NULL,NULL,"number","1",NULL,"75"
"505","2022","6",NULL,"American foulbrood of honey bees","1341976",NULL,NULL,"AUT","AT12",NULL,NULL,"number","8",NULL,"75"
"506","2022","6",NULL,"American foulbrood of honey bees","1341976",NULL,NULL,"AUT","AT31",NULL,NULL,"number","1",NULL,"75"
"507","2022","6",NULL,"American foulbrood of honey bees","1341976",NULL,NULL,"AUT","AT22",NULL,NULL,"number","1",NULL,"75"
"508","2022","7",NULL,"American foulbrood of honey bees","1341976",NULL,NULL,"AUT","AT12",NULL,NULL,"number","3",NULL,"76"
"509","2022","7",NULL,"American foulbrood of honey bees","1341976",NULL,NULL,"AUT","AT22",NULL,NULL,"number","2",NULL,"76"
"510","2022","8",NULL,"American foulbrood of honey bees","1341976",NULL,NULL,"AUT","AT11",NULL,NULL,"number","1",NULL,"77"
"511","2022","8",NULL,"American foulbrood of honey bees","1341976",NULL,NULL,"AUT","AT12",NULL,NULL,"number","1",NULL,"77"
"512","2022","8",NULL,"American foulbrood of honey bees","1341976",NULL,NULL,"AUT","AT31",NULL,NULL,"number","1",NULL,"77"
"513","2022","8",NULL,"American foulbrood of honey bees","1341976",NULL,NULL,"AUT","AT33",NULL,NULL,"number","2",NULL,"77"
"514","2014","6",NULL,"European foulbrood of honey bees","1341976","2014-06-05","2014-08-06","BEL","BE32A",NULL,"7973","number","1",NULL,"78"
"515","2014","6",NULL,"European foulbrood of honey bees","1341976","2014-06-16","2014-08-11","BEL","BE323",NULL,"7601","number","1",NULL,"78"
"516","2014","9",NULL,"European foulbrood of honey bees","1341976","2014-09-03","2015-04-23","BEL","BE221",NULL,"3500","number","1",NULL,"78"
"517","2017","6",NULL,"European foulbrood of honey bees","1341976","2017-06-20","2017-08-08","BEL","BE232",NULL,"9255","number","1",NULL,"78"
"518","2019","5",NULL,"European foulbrood of honey bees","1341976","2019-05-06","2021-09-17","BEL","BE328",NULL,"7604","number","1",NULL,"78"
"519","2019","6",NULL,"European foulbrood of honey bees","1341976","2019-06-03","2021-09-17","BEL","BE328",NULL,"7601","number","1",NULL,"78"
"520","2019","6",NULL,"European foulbrood of honey bees","1341976","2019-06-21","2021-09-17","BEL","BE32A",NULL,"7812","number","1",NULL,"78"
"521","2019","7",NULL,"European foulbrood of honey bees","1341976","2019-07-01","2021-09-17","BEL","BE328",NULL,"7522","number","1",NULL,"78"
"522","2019","7",NULL,"European foulbrood of honey bees","1341976","2019-07-09","2019-08-13","BEL","BE323",NULL,"7330","number","1",NULL,"78"
"523","2019","7",NULL,"European foulbrood of honey bees","1341976","2019-07-17","2021-09-17","BEL","BE32A",NULL,"7812","number","1",NULL,"78"
"524","2019","9",NULL,"European foulbrood of honey bees","1341976","2019-09-09","2021-09-17","BEL","BE32A",NULL,"7812","number","1",NULL,"78"
"525","2019","9",NULL,"European foulbrood of honey bees","1341976","2019-09-17","2020-07-28","BEL","BE328",NULL,"7608","number","1",NULL,"78"
"526","2019","9",NULL,"European foulbrood of honey bees","1341976","2019-09-23","2021-09-17","BEL","BE328",NULL,"7608","number","1",NULL,"78"
"527","2019","9",NULL,"European foulbrood of honey bees","1341976","2019-09-23","2020-07-16","BEL","BE323",NULL,"7387","number","1",NULL,"78"
"528","2019","11",NULL,"European foulbrood of honey bees","1341976","2019-11-04","2021-09-17","BEL","BE32B",NULL,"6220","number","1",NULL,"78"
"529","2020","5",NULL,"European foulbrood of honey bees","1341976","2020-05-04","2021-09-17","BEL","BE323",NULL,"7050","number","1",NULL,"78"
"530","2020","5",NULL,"European foulbrood of honey bees","1341976","2020-05-18","2021-11-26","BEL","BE322",NULL,"6280","number","1",NULL,"78"
"531","2020","5",NULL,"European foulbrood of honey bees","1341976","2020-05-18","2022-11-26","BEL","BE32B",NULL,"6280","number","1",NULL,"78"
"532","2020","5",NULL,"European foulbrood of honey bees","1341976","2020-05-18","2021-11-26","BEL","BE353",NULL,"5621","number","1",NULL,"78"
"533","2020","5",NULL,"European foulbrood of honey bees","1341976","2020-05-18","2021-11-26","BEL","BE353",NULL,"5621","number","1",NULL,"78"
"534","2020","5",NULL,"European foulbrood of honey bees","1341976","2020-05-18","2020-07-28","BEL","BE328",NULL,"7608","number","1",NULL,"78"
"535","2020","6",NULL,"European foulbrood of honey bees","1341976","2020-06-12","2022-06-30","BEL","BE32B",NULL,"6180","number","1",NULL,"78"
"536","2020","6",NULL,"European foulbrood of honey bees","1341976","2020-06-12","2022-06-30","BEL","BE32B",NULL,"6180","number","1",NULL,"78"
"537","2020","6",NULL,"European foulbrood of honey bees","1341976","2020-06-15","2022-06-30","BEL","BE322",NULL,"6141","number","1",NULL,"78"
"538","2020","6",NULL,"European foulbrood of honey bees","1341976","2020-06-15","2022-06-30","BEL","BE322",NULL,"6141","number","1",NULL,"78"
"539","2020","7",NULL,"European foulbrood of honey bees","1341976","2020-07-01","2021-09-17","BEL","BE325",NULL,"7061","number","1",NULL,"78"
"540","2020","7",NULL,"European foulbrood of honey bees","1341976","2020-07-01","2021-09-17","BEL","BE323",NULL,"7050","number","1",NULL,"78"
"541","2020","7",NULL,"European foulbrood of honey bees","1341976","2020-07-01","2021-09-17","BEL","BE323",NULL,"7050","number","1",NULL,"78"
"542","2020","7",NULL,"European foulbrood of honey bees","1341976","2020-07-06","2021-09-17","BEL","BE325",NULL,"7061","number","1",NULL,"78"
"543","2020","7",NULL,"European foulbrood of honey bees","1341976","2020-07-14","2021-08-02","BEL","BE352",NULL,"5140","number","1",NULL,"78"
"544","2020","8",NULL,"European foulbrood of honey bees","1341976","2020-08-24","2021-09-17","BEL","BE325",NULL,"7061","number","1",NULL,"79"
"545","2021","8",NULL,"European foulbrood of honey bees","1341976","2021-08-30","2021-11-26","BEL","BE322",NULL,"6280","number","1",NULL,"79"
"546","2022","8",NULL,"European foulbrood of honey bees","1341976","2022-08-12",NULL,"BEL","BE322",NULL,"6280","number","1",NULL,"79"
"547","2022","8",NULL,"European foulbrood of honey bees","1341976","2022-08-16",NULL,"BEL","BE321",NULL,"7880","number","1",NULL,"79"
"548","2022","8",NULL,"European foulbrood of honey bees","1341976","2022-08-30",NULL,"BEL","BE322",NULL,"6280","number","1",NULL,"79"
"549","2006",NULL,NULL,"American foulbrood of honey bees","1341976",NULL,NULL,"BEL","BE",NULL,NULL,"number","3",NULL,"78"
"550","2007",NULL,NULL,"American foulbrood of honey bees","1341976",NULL,NULL,"BEL","BE",NULL,NULL,"number","5",NULL,"78"
"551","2008",NULL,NULL,"American foulbrood of honey bees","1341976",NULL,NULL,"BEL","BE",NULL,NULL,"number","1",NULL,"78"
"552","2009",NULL,NULL,"American foulbrood of honey bees","1341976",NULL,NULL,"BEL","BE",NULL,NULL,"number","4",NULL,"78"
"553","2010",NULL,NULL,"American foulbrood of honey bees","1341976",NULL,NULL,"BEL","BE",NULL,NULL,"number","0",NULL,"78"
"554","2011",NULL,NULL,"American foulbrood of honey bees","1341976",NULL,NULL,"BEL","BE",NULL,NULL,"number","0",NULL,"78"
"555","2012",NULL,NULL,"American foulbrood of honey bees","1341976",NULL,NULL,"BEL","BE",NULL,NULL,"number","0",NULL,"78"
"556","2013",NULL,NULL,"American foulbrood of honey bees","1341976",NULL,NULL,"BEL","BE",NULL,NULL,"number","2",NULL,"78"
"557","2014",NULL,NULL,"American foulbrood of honey bees","1341976",NULL,NULL,"BEL","BE",NULL,NULL,"number","36",NULL,"78"
"558","2015",NULL,NULL,"American foulbrood of honey bees","1341976",NULL,NULL,"BEL","BE",NULL,NULL,"number","16",NULL,"78"
"559","2016",NULL,NULL,"American foulbrood of honey bees","1341976",NULL,NULL,"BEL","BE",NULL,NULL,"number","6",NULL,"78"
"560","2017",NULL,NULL,"American foulbrood of honey bees","1341976",NULL,NULL,"BEL","BE",NULL,NULL,"number","3",NULL,"78"
"561","2018","5",NULL,"American foulbrood of honey bees","1341976","2018-05-23","2018-07-12","BEL","BE211",NULL,"2030","number","1",NULL,"78"
"562","2018","5",NULL,"American foulbrood of honey bees","1341976","2018-05-23","2018-09-14","BEL","BE241",NULL,"1549","number","1",NULL,"78"
"563","2018","5",NULL,"American foulbrood of honey bees","1341976","2018-05-31","2018-08-02","BEL","BE323",NULL,"7332","number","1",NULL,"78"
"564","2018","5",NULL,"American foulbrood of honey bees","1341976","2018-05-31","2018-08-02","BEL","BE323",NULL,"7050","number","1",NULL,"78"
"565","2018","6",NULL,"American foulbrood of honey bees","1341976","2018-06-11","2018-07-12","BEL","BE211",NULL,"2030","number","1",NULL,"78"
"566","2018","7",NULL,"American foulbrood of honey bees","1341976","2018-07-02","2018-08-02","BEL","BE323",NULL,"7332","number","1",NULL,"78"
"567","2018","7",NULL,"American foulbrood of honey bees","1341976","2018-07-11","2018-08-02","BEL","BE323",NULL,"7332","number","1",NULL,"78"
"568","2018","7",NULL,"American foulbrood of honey bees","1341976","2018-07-23","2018-09-14","BEL","BE241",NULL,"1670","number","1",NULL,"78"
"569","2018","8",NULL,"American foulbrood of honey bees","1341976","2018-08-07","2018-10-17","BEL","BE342",NULL,"6637","number","1",NULL,"78"
"570","2018","8",NULL,"American foulbrood of honey bees","1341976","2018-08-09","2018-10-17","BEL","BE341",NULL,"6700","number","1",NULL,"78"
"571","2018","9",NULL,"American foulbrood of honey bees","1341976","2018-09-03","2019-04-29","BEL","BE241",NULL,"1880","number","1",NULL,"78"
"572","2018","9",NULL,"American foulbrood of honey bees","1341976","2018-09-11","2018-10-17","BEL","BE342",NULL,"6637","number","1",NULL,"78"
"573","2018","9",NULL,"American foulbrood of honey bees","1341976","2018-09-14","2019-10-10","BEL","BE323",NULL,"7300","number","1",NULL,"78"
"574","2018","11",NULL,"American foulbrood of honey bees","1341976","2018-11-14","2019-04-29","BEL","BE241",NULL,"1880","number","1",NULL,"78"
"575","2019","5",NULL,"American foulbrood of honey bees","1341976","2019-05-20","2019-08-13","BEL","BE323",NULL,"7332","number","1",NULL,"78"
"576","2019","5",NULL,"American foulbrood of honey bees","1341976","2019-05-23","2019-08-13","BEL","BE323",NULL,"7332","number","1",NULL,"78"
"577","2019","5",NULL,"American foulbrood of honey bees","1341976","2019-05-24","2019-08-13","BEL","BE323",NULL,"7332","number","1",NULL,"78"
"578","2019","6",NULL,"American foulbrood of honey bees","1341976","2019-06-27","2019-08-29","BEL","BE341",NULL,"6700","number","1",NULL,"78"
"579","2019","7",NULL,"American foulbrood of honey bees","1341976","2019-07-01","2020-04-28","BEL","BE341",NULL,"6780","number","1",NULL,"78"
"580","2019","7",NULL,"American foulbrood of honey bees","1341976","2019-07-08","2020-04-28","BEL","BE341",NULL,"6700","number","1",NULL,"78"
"581","2019","7",NULL,"American foulbrood of honey bees","1341976","2019-07-09","2020-04-28","BEL","BE342",NULL,"6637","number","1",NULL,"78"
"582","2019","7",NULL,"American foulbrood of honey bees","1341976","2019-07-16","2019-08-29","BEL","BE341",NULL,"6700","number","1",NULL,"78"
"583","2019","9",NULL,"American foulbrood of honey bees","1341976","2019-09-03","2020-05-06","BEL","BE345",NULL,"6810","number","1",NULL,"78"
"584","2019","9",NULL,"American foulbrood of honey bees","1341976","2019-09-16","2020-05-06","BEL","BE345",NULL,"6810","number","1",NULL,"78"
"585","2020","4",NULL,"American foulbrood of honey bees","1341976","2020-04-08","2020-05-06","BEL","BE345",NULL,"6810","number","1",NULL,"78"
"586","2020","4",NULL,"American foulbrood of honey bees","1341976","2020-04-20","2020-05-06","BEL","BE345",NULL,"6810","number","1",NULL,"78"
"587","2020","6",NULL,"American foulbrood of honey bees","1341976","2020-06-15","2021-11-26","BEL","BE353",NULL,"5621","number","1",NULL,"78"
"588","2020","6",NULL,"American foulbrood of honey bees","1341976","2020-06-16","2020-09-08","BEL","BE345",NULL,"6810","number","1",NULL,"78"
"589","2020","7",NULL,"American foulbrood of honey bees","1341976","2020-07-10","2021-11-26","BEL","BE32B",NULL,"6280","number","1",NULL,"78"
"590","2020","7",NULL,"American foulbrood of honey bees","1341976","2020-07-28","2021-11-26","BEL","BE32B",NULL,"6280","number","1",NULL,"78"
"591","2020","7",NULL,"American foulbrood of honey bees","1341976","2020-07-30","2021-11-26","BEL","BE32B",NULL,"6280","number","1",NULL,"78"
"592","2021","5",NULL,"American foulbrood of honey bees","1341976","2021-05-10","2021-07-29","BEL","BE352",NULL,"5081","number","1",NULL,"79"
"593","2021","6",NULL,"American foulbrood of honey bees","1341976","2021-06-14","2021-07-23","BEL","BE236",NULL,"9160","number","1",NULL,"79"
"594","2021","7",NULL,"American foulbrood of honey bees","1341976","2021-07-27","2021-09-02","BEL","BE241",NULL,"1785","number","1",NULL,"79"
"595","2021","8",NULL,"American foulbrood of honey bees","1341976","2021-08-18","2022-06-30","BEL","BE32B",NULL,"6180","number","1",NULL,"79"
"596","2022","6",NULL,"American foulbrood of honey bees","1341976","2022-06-28","2022-08-05","BEL","BE351",NULL,"5555","number","1",NULL,"79"
"597","2022","7",NULL,"American foulbrood of honey bees","1341976","2022-07-14","2022-08-05","BEL","BE351",NULL,"5555","number","1",NULL,"79"
