"id","disease","municipalitycode","wgs84e","wgs84n","bedatestart","begzstart","bedateend","begzend","vodatestart","vogzstart","vodateend","vogzend","annotation"
"1","American foulbrood of honey bees","61061","15.69","46.73","2012-03-26","18.9.R1/2011-12","2012-05-25","18.9.R1/2011-17","2012-03-26","18.9.R1/2011-12","2012-05-25","not available",NULL
"2","American foulbrood of honey bees","61053","15.51","46.80","2012-04-12","18.2.1.2-2012","2012-05-31","18.2.1.2-2012","2012-04-12","18.2.1.2-2012","2012-05-31","not available",NULL
"3","American foulbrood of honey bees","61267","14.08","47.53","2012-03-26","18.2-27/99","2014-03-26","not available",NULL,NULL,NULL,NULL,NULL
"4","American foulbrood of honey bees","61630","15.08","47.12","2012-04-30","8.2-17/2012","2012-09-24","8.2-17/2012","2012-04-30","8.2-17/2012","2012-09-24","not available",NULL
"5","American foulbrood of honey bees","61612","15.20","46.98","2012-04-25","8.2-16/2012","2012-05-23","8.2-16/2012","2012-04-20","8.2-17/2012","2013-05-24","8.2-17/2012",NULL
"6","American foulbrood of honey bees","61612","15.20","46.98","2012-04-25","8.2-15/2012","2012-05-23","8.2-15/2012","2012-04-20","8.2-17/2012","2013-05-24","8.2-17/2012",NULL
"7","American foulbrood of honey bees","61612","15.19","46.97","2012-04-25","8.2-15/2012","2013-05-23","8.2-15/2012","2012-04-20","8.2-17/2012","2013-05-24","8.2-17/2012",NULL
"8","American foulbrood of honey bees","61612","15.21","46.98","2012-04-25","8.2-14/2012","2013-05-23","8.2-14/2012","2012-04-20","8.2-17/2012","2013-05-24","8.2-17/2012",NULL
"9","American foulbrood of honey bees","62132","15.52","47.45","2012-05-10","18.2-6/2012","2012-09-04","18.2-6/2012","2012-05-10","18.2-6/2012","2012-09-04","18.2-6/2012",NULL
"10","American foulbrood of honey bees","61267","14.08","47.53","2012-05-14","18.2-27/99","2014-05-14","not available",NULL,NULL,NULL,NULL,NULL
"11","American foulbrood of honey bees","61255","13.92","47.56","2012-05-31","18.2-27/99","2014-06-23","18.2-27/99",NULL,NULL,NULL,NULL,NULL
"12","American foulbrood of honey bees","61255","14.01","47.56","2012-05-31","18.2-27/99","2014-06-16","18.2-1/2014",NULL,NULL,NULL,NULL,NULL
"13","American foulbrood of honey bees","61255","13.95","47.54","2012-05-31","18.2-27/99","2014-06-23","18.2-27/99",NULL,NULL,NULL,NULL,NULL
"14","American foulbrood of honey bees","61255","13.97","47.54","2012-05-31","18.2-27/99","2014-06-23","18.2-27/99",NULL,NULL,NULL,NULL,NULL
"15","American foulbrood of honey bees","61633","15.24","46.99","2012-06-01","8.2-23/2012","2013-05-23","8.2-23/2012","2012-06-01","8.2-24/2012","2013-05-23","8.2-24/2012",NULL
"16","American foulbrood of honey bees","61257","14.09","47.50","2012-06-11","18.2-27/99","2014-06-11","not available",NULL,NULL,NULL,NULL,NULL
"17","American foulbrood of honey bees","61255","13.87","47.57","2012-06-27","18.2-27/99","2014-06-23","18.2-27/99",NULL,NULL,NULL,NULL,NULL
"18","American foulbrood of honey bees","61255","13.94","47.54","2012-06-27","18.2-27/99","2014-06-27","not available",NULL,NULL,NULL,NULL,NULL
"19","American foulbrood of honey bees","61061","15.61","46.73","2012-07-10","18.2.1.8-2012","2014-07-10","not available",NULL,NULL,NULL,NULL,NULL
"20","American foulbrood of honey bees","61255","14.01","47.55","2012-07-06","18.2-27/99","2014-06-16","18.2-1/2014",NULL,NULL,NULL,NULL,NULL
"21","American foulbrood of honey bees","61255","13.97","47.55","2012-07-06","18.2-27/99","2014-06-23","18.2-27/99",NULL,NULL,NULL,NULL,NULL
"22","American foulbrood of honey bees","61255","13.97","47.56","2012-07-06","18.2-27/99","2014-06-23","18.2-27/99",NULL,NULL,NULL,NULL,NULL
"23","American foulbrood of honey bees","61255","13.95","47.55","2012-07-05","18.2-27/99","2014-06-23","18.2-27/99",NULL,NULL,NULL,NULL,NULL
"24","American foulbrood of honey bees","61255","13.87","47.57","2012-07-05","18.2-27/99","2014-06-23","18.2-27/99",NULL,NULL,NULL,NULL,NULL
"25","American foulbrood of honey bees","61255","13.92","47.54","2012-07-05","18.2-27/99","2014-06-23","18.2-27/99",NULL,NULL,NULL,NULL,NULL
"26","American foulbrood of honey bees","61255","14.01","47.56","2012-07-06","18.2-27/99","2014-06-16","18.2-1/2014",NULL,NULL,NULL,NULL,NULL
"27","American foulbrood of honey bees","61255","13.87","47.57","2012-07-20","18.2-27/99","2014-06-23","18.2-27/99",NULL,NULL,NULL,NULL,NULL
"28","American foulbrood of honey bees","62379","15.90","46.95","2012-08-01","BHFB-18.2B6/2012-2","2012-10-05","BHFB-18.2B6/2012-6",NULL,NULL,NULL,NULL,NULL
"29","American foulbrood of honey bees","61701","15.73","47.15","2012-08-03","8-506/2012","2012-09-27","8-506/2012",NULL,NULL,NULL,NULL,NULL
"30","American foulbrood of honey bees","61633","15.24","46.99","2012-08-07","8.2-44/2012","2013-05-23","8.2-44/2012","2012-08-07","8.2-43/2012","2013-05-23","8.2-43/2012",NULL
"31","American foulbrood of honey bees","61438","14.22","47.10","2012-08-09","8.2-52/2012","2013-01-07","8.2-52/2012",NULL,NULL,NULL,NULL,NULL
"32","American foulbrood of honey bees","60624","15.45","46.98","2012-10-04","18.2B6/Ze1/3-2012","2013-05-28","18.2B6/Ze 1/14-2013","2012-10-04","18.2B6/Ze1/4-2012","2013-05-28","18.2B6/Ze 1/14-2013",NULL
"33","American foulbrood of honey bees","60654","15.47","47.15","2012-06-05","18.2B6/Bi1/5-2012-20 + A7-25729/2012-3","2012-09-21","18.2B6/Bi1/11-2012",NULL,NULL,NULL,NULL,NULL
"34","American foulbrood of honey bees","61612","15.21","46.97","2012-06-01","8.2-22/2012","2012-09-24","8.2-22/2012",NULL,NULL,NULL,NULL,NULL
"35","American foulbrood of honey bees","60654","15.49","47.14","2012-06-11","18.2B6/Bi1/8-2012","2012-09-21","18.2B6/Bi1/12-2012 + A7-25729/2012-5",NULL,NULL,NULL,NULL,NULL
"36","American foulbrood of honey bees","62145","15.51","47.53","2012-07-10","18.2-12/2012","2012-09-27","18.2-12/2012",NULL,NULL,NULL,NULL,NULL
"37","American foulbrood of honey bees","62125","15.29","47.35","2020-06-04","BHBM-91993/2020-9","2020-08-05","BHBM-91993/2020-12","2020-06-04","BHBM-91993/2020-10",NULL,NULL,NULL
"38","American foulbrood of honey bees","62386","15.91","46.99","2012-08-03","BHFB-18.2B7/2012-2","2012-10-08","BHFB-18.2B7/2012-6",NULL,NULL,NULL,NULL,NULL
"39","American foulbrood of honey bees","61061","15.63","46.72","2012-06-21","18.2.1.6-2012","2012-10-04","18.2.1.6-2012",NULL,NULL,NULL,NULL,NULL
"40","American foulbrood of honey bees","60628","15.57","47.08","2012-09-12","18.2B6/Se1/6-2012","2013-01-15","18.2B6/Se1/12-2012",NULL,NULL,NULL,NULL,NULL
"41","American foulbrood of honey bees","62145","15.51","47.54","2012-05-02","18.2-4/2012","2012-09-27","18.2-4/2012",NULL,NULL,NULL,NULL,NULL
"42","American foulbrood of honey bees","62388","15.74","46.83","2020-06-26","not available","2020-08-31","not available","2020-06-26","BHSO-110483/2020-3","2020-08-31","BHSO-110483/2020-24",NULL
"43","American foulbrood of honey bees","62125","15.30","47.36","2020-06-05","not available","2020-08-05","not available","2020-06-05","BHBM-91997/2020-9","2020-08-05","not available",NULL
"44","American foulbrood of honey bees","61260","13.89","47.42","2020-05-19","BHLI-85123/2020-3","2021-05-27","BHLI-85123/2020-23",NULL,NULL,NULL,NULL,NULL
"45","American foulbrood of honey bees","60617","15.54","47.07","2020-09-27","BHGU-127388/2019-4","2020-05-12","BHGU-127388/2019-12","2019-10-03","BHGU-127388/2019-5","2020-05-12","BHGU-127388/2019-11",NULL
"46","American foulbrood of honey bees","61259","14.27","47.57","2020-04-22","BHLI-70978/2020-2",NULL,NULL,"2020-04-22","BHLI-70978/2020-3","2021-04-22","not available",NULL
"47","American foulbrood of honey bees","61762","15.75","47.16","2012-06-27","8-349/2012","2012-08-30","8-349/2012",NULL,NULL,NULL,NULL,NULL
"48","American foulbrood of honey bees","62116","15.67","47.58","2012-05-02","18.2-4/2012-1","2012-08-07","18.2-4/2012-1","2012-05-31","18.2-4/2012-1","2012-09-07","18.2-4/2012-1",NULL
"49","American foulbrood of honey bees","61618","15.09","47.06","2013-04-29","8.2-12/2013 ","2013-09-19","8.2-12/2013 ","2013-04-29","8.2-12/2013 ","2013-09-19","8.2-12/2013 ",NULL
"50","American foulbrood of honey bees","61627","15.02","47.03","2013-04-29","8.2-11/2013","2013-07-08","8.2-11/2013","2013-04-29","8.2-11/2012","2013-07-08","8.2-11/2013",NULL
"51","American foulbrood of honey bees","61701","15.73","47.15","2012-08-03","8-505/2012","2012-09-27","8-506/2012",NULL,NULL,NULL,NULL,NULL
"52","American foulbrood of honey bees","61257","14.09","47.50","2013-05-13","18.2-27/99","2015-09-30","18.2-1/2014",NULL,NULL,NULL,NULL,NULL
"53","American foulbrood of honey bees","61757","15.66","47.38","2013-06-10","8-213/2013","2013-09-26","8-213/2013","2013-06-10","8-213/2013","2013-09-20","8-213/2013",NULL
"54","American foulbrood of honey bees","62141","15.46","47.48","2013-06-10","18.21 7-2013/3","2013-08-05","18.21 7-2013/3","2013-06-10","18.21 7-2013/3","2013-08-05","18.21 7-2013/3",NULL
"55","American foulbrood of honey bees","62146","15.36","47.44","2013-06-14","18.21 7-2013/5","2013-08-22","18.21 7 - 2013/5","2013-06-14","18.21 7-2013/5","2013-08-22","18.21 7 - 2013/5",NULL
"56","American foulbrood of honey bees","61108","15.10","47.39","2013-06-20","18.2 B 17-2013/3","2013-11-28","18.2 B 17-2013/6","2013-06-20","18.2 B 17-2013/4","2013-12-06","18.2 B 17-2013/7",NULL
"57","American foulbrood of honey bees","62262","15.80","47.41","2013-06-21","8.2.-173/2013","2013-09-30","8.2-173/2013",NULL,NULL,NULL,NULL,NULL
"58","American foulbrood of honey bees","61110","15.14","47.39","2013-06-26","18.2 B 19-2013/3","2013-10-15","18.2 B 19-2013/6","2013-06-26","18.2 B 19-2013/4","2013-10-15","18.2 B 19-2013/6",NULL
"59","American foulbrood of honey bees","61110","15.17","47.38","2013-06-26","18.2 B18-2013/3","2013-11-28","18.2 B 18-2013/6","2013-06-26","18.2 B 18-2013/4","2013-12-06","18.2 B 18-2013/7",NULL
"60","American foulbrood of honey bees","61108","15.09","47.40","2013-06-26","18.2 B 20-2013/3","2013-11-28","18.2 B 20-2013/6","2013-06-26","18.2 B 20-2013/4","2013-12-06","18.2 B 20-2013/7",NULL
"61","American foulbrood of honey bees","61257","14.11","47.48","2013-06-28","18.2-27/99","2015-10-14","18.2-1/2014",NULL,NULL,NULL,NULL,NULL
"62","American foulbrood of honey bees","61110","15.14","47.39","2013-07-03","18.2 B 22-2013/3","2013-11-28","not available","2013-07-03","18.2 B 22-2013/4","2013-11-28","not available",NULL
"63","American foulbrood of honey bees","61110","15.16","47.38","2013-07-03","18.2 B 23-2013/3","2013-10-15","18.2 B 23-2013/6","2013-07-03","18.2 B 23-2013/4","2013-10-15","18.2 B 23-2013/6",NULL
"64","American foulbrood of honey bees","61111","15.11","47.41","2013-07-03","18.2 B 21-2013/3","2013-10-15","18.2 B 21-2013/6","2013-07-03","18.2 B 21-2013/4","2013-10-15","18.2 B 21-2013/6",NULL
"65","American foulbrood of honey bees","60619","15.51","47.00","2013-07-04","18.2B7/6-2013","2013-11-27","18.2B7/6-2013","2013-07-04","18.2B7/6-2013","2013-11-27","18.2B6/Bi7/6-2013",NULL
"66","American foulbrood of honey bees","61444","14.37","47.15","2013-07-03","8.2-19/2013","2014-09-09","8.2-19/2013","2013-07-03","8.2-19/2013",NULL,NULL,NULL
"67","American foulbrood of honey bees","61108","15.09","47.39","2013-07-22","18.2 B 25-2013/3","2013-10-15","18.2 B 25-2013/6","2013-07-22","18.2 B 25-2013/4","2013-10-15","18.2 B 25-2013/6",NULL
"68","American foulbrood of honey bees","61110","15.19","47.38","2013-07-22","18.2 B 24-2013/3","2013-11-28","18.2 B 24-2013/6","2013-07-22","18.2 B 24-2013/4","2013-12-06","18.2 B 24-2013/7",NULL
"69","American foulbrood of honey bees","61757","15.70","47.39","2013-08-02","8-230/2013","2013-09-26","8-230/2013",NULL,NULL,NULL,NULL,NULL
"70","American foulbrood of honey bees","61442","14.10","47.10","2013-08-06","8.2-21/2013","2015-05-15","8.2-21/2013","2013-08-06","8.2-21/2013","2015-06-02","8.2-21/0213, 8.2-22/2013, 8.2-23/2013",NULL
"71","American foulbrood of honey bees","61442","14.09","47.10","2013-08-06","8.2-22/2013","2015-05-15","8.2-22/2013","2013-08-06","8.2-22/2013","2015-06-02","8.2-21/0213, 8.2-22/2013, 8.2-23/2013",NULL
"72","American foulbrood of honey bees","61442","14.10","47.11","2013-08-06","8.2-23/2013","2015-05-15","8.2-23/2013","2013-08-06","8.2-23/2013","2015-06-02","8.2-21/0213, 8.2-22/2013, 8.2-23/2013",NULL
"73","American foulbrood of honey bees","60611","15.48","46.99","2013-08-19","18.2B6/22-2013","2013-11-27","18.2B6/22-2013","2013-08-19","18.2B6/22-2013","2013-11-27","18.2B6/22-2013",NULL
"74","American foulbrood of honey bees","60608","15.46","46.98","2013-09-13","18.2B7/27-2013","2013-11-27","18.2B7/27-2013","2013-09-13","18.2B7/27-2013","2013-11-27","18.2B7/27-2013",NULL
"75","American foulbrood of honey bees","60608","15.46","46.99","2013-09-13","18.2B7/26-2013","2013-11-27","18.2B7/26-2013","2013-09-13","18.2B7/26-2013","2013-11-27","18.2B7/26-2013",NULL
"76","American foulbrood of honey bees","61757","15.66","47.38","2013-08-02","8-230/2013","2013-09-26","8-230/2013",NULL,NULL,NULL,NULL,NULL
"77","American foulbrood of honey bees","62388","15.74","46.83","2013-10-03","not available","2014-04-28","not available","2013-10-03","BHSO-18.23-1/2013-20","2014-04-28","BHSO-18.23-3/2013-5",NULL
"78","American foulbrood of honey bees","61107","14.91","47.30","2010-07-20","18.2 B22-2010/3","2010-09-29","18.2 B22-2010/6","2010-07-20","18.2 B22-2010/4","2010-09-29","18.2 B22-2010/7",NULL
"79","American foulbrood of honey bees","61205","14.65","47.72","2020-02-05","BHLI-28417/2020-3","2020-05-15","BHLI-28417/2020-26",NULL,NULL,NULL,NULL,NULL
"80","American foulbrood of honey bees","61108","15.16","47.34","2010-06-21","18.2 B17-2010/3","2010-09-15","18.2 B17-2010/7","2010-06-21","18.2 B17-2010/4","2010-09-15","18.2 B17-2010/8",NULL
"81","American foulbrood of honey bees","61115","14.96","47.30","2010-07-20","18.2 B21-2010/3","2010-09-29","18.2 B21-2010/6","2010-07-20","18.2 B21-2010/4","2010-09-29","18.2 B21-2010/7",NULL
"82","American foulbrood of honey bees","61115","14.94","47.31","2010-06-21","18.2 B18-2010/3","2010-09-15","18.2 B18-2010/7","2010-06-21","18.2 B18-2010/4","2010-09-15","18.2 B18-2010/8",NULL
"83","American foulbrood of honey bees","61115","14.97","47.32","2010-06-16","18.2 B19-2010/3","2010-09-15","18.2 B19-2010/7","2010-06-21","18.2 B19-2010/4","2010-09-15","18.2 B19-2010/8",NULL
"84","American foulbrood of honey bees","61257","14.12","47.39","2010-05-31","18.2-27/99","2010-09-03","18.2-27/99",NULL,NULL,NULL,NULL,NULL
"85","American foulbrood of honey bees","61262","14.00","47.46","2010-07-07","8.2-5/2010","2010-08-20","8.2-5/2010","2010-07-07","8.2-5/2010","2010-08-20","not available",NULL
"86","American foulbrood of honey bees","61262","14.01","47.46","2010-06-22","8.2-4/2010","2010-08-20","8.2-4/2010",NULL,NULL,NULL,NULL,NULL
"87","American foulbrood of honey bees","61247","14.48","47.49","2010-10-07","18.2-27/99","2011-04-29","18.2-27/99",NULL,NULL,NULL,NULL,NULL
"88","American foulbrood of honey bees","61757","15.72","47.33","2010-09-10","8-337/2010","2011-04-27","8-337/2010",NULL,NULL,NULL,NULL,NULL
"89","American foulbrood of honey bees","61757","15.73","47.34","2010-09-10","8-337/2010","2011-04-27","8-337/2010",NULL,NULL,NULL,NULL,NULL
"90","American foulbrood of honey bees","61757","15.72","47.35","2010-08-19","8-320/2010","2011-04-27","8-320/2010",NULL,NULL,NULL,NULL,NULL
"91","American foulbrood of honey bees","61757","15.64","47.37","2010-05-20","8-287/2010","2011-04-29","8-287/2010",NULL,NULL,NULL,NULL,NULL
"92","American foulbrood of honey bees","62105","15.49","47.38","2010-05-12","18.2 B1/P1-2010/10","2010-06-24","18.2 B1/P1-2010/15","2010-05-12","18.2 B1/P1-2010/11","2010-07-05","18.2 B1/P1-2010/16",NULL
"93","American foulbrood of honey bees","62105","15.46","47.39","2010-05-10","18.2 B1/P1-2010/8","2010-06-24","18.2 B1/P1-2010/15","2010-05-12","18.2 B1/P1-2010/11","2010-07-05","18.2 B1/P1-2010/16",NULL
"94","American foulbrood of honey bees","62105","15.49","47.39","2010-04-21","18.2 B1/Sch1-2010/9","2010-06-24","18.2 B1/Sch1-2010/14","2010-04-23","18.2 B1/Sch1-2010/10","2010-07-05","18.2B1/Sch1-2010/13",NULL
"95","American foulbrood of honey bees","62105","15.49","47.39","2010-04-23","18.2 B1/M1-2010/7","2010-06-24","18.2 B1/M1-2010/11","2010-07-05","18.2 B1/M1-2010/8","2010-07-05","18.2 B1/M1-2010/12",NULL
"96","American foulbrood of honey bees","62105","15.52","47.40","2010-05-21","18.2 B1/R1-2010/7","2010-07-09","18.2 B1/R1-2010/12","2010-05-21","18.2 B1/R1-2010/8","2010-07-09","18.2 B1/R1-2010/13",NULL
"97","American foulbrood of honey bees","62143","15.68","47.58","2010-05-07","18.2-10/2010","2010-09-07","18.2-10/2010","2010-05-11","18.2-10/2010","2010-09-07","18.2-10/2010",NULL
"98","American foulbrood of honey bees","62143","15.68","47.58","2010-05-21","18.2-12/2010","2010-09-08","18.2-10/2010","2010-05-21","18.2-12/2010","2010-09-08","18.2-12/2010",NULL
"99","American foulbrood of honey bees","62143","15.66","47.62","2010-05-21","18.2-12/2010","2010-09-08","18.2-10/2010","2010-05-21","18.2-12/2010","2010-09-08","18.2-12/2010",NULL
"100","American foulbrood of honey bees","62143","15.66","47.59","2010-05-21","18.2-12/2010","2010-09-08","18.2-10/2010","2010-05-21","18.2-12/2010","2010-09-08","18.2-12/2010",NULL
"101","American foulbrood of honey bees","62143","15.66","47.63","2010-08-05","18.2-09/2010","2010-09-08","18.2-09/2010","2010-05-11","18.2-09/2010","2010-09-08","18.2-09/2010",NULL
"102","American foulbrood of honey bees","62235","15.84","47.31","2010-09-01","8.2.2-29/2010","2011-04-12","8.2.2-29/2010",NULL,NULL,NULL,NULL,NULL
"103","American foulbrood of honey bees","62235","15.86","47.31","2010-07-21","8.2.2-27/2010","2011-04-12","8.2.2-27/2010",NULL,NULL,NULL,NULL,NULL
"104","American foulbrood of honey bees","62275","15.80","47.32","2010-09-22","8.2.2-30/2010","2011-04-12","8.2.2-30/2010",NULL,NULL,NULL,NULL,NULL
"105","American foulbrood of honey bees","62242","15.79","47.47","2010-04-28","8.2.2-23/2010","2011-04-15","8.2.2-23/2010",NULL,NULL,NULL,NULL,NULL
"106","American foulbrood of honey bees","62242","15.78","47.47","2010-07-09","8.2.2-26/2010","2011-04-15","8.2.2-26/2010",NULL,NULL,NULL,NULL,NULL
"107","American foulbrood of honey bees","62242","15.78","47.46","2010-07-09","8.2.2-25/2010","2011-04-14","8.2.2-25/2010",NULL,NULL,NULL,NULL,NULL
"108","American foulbrood of honey bees","62275","15.82","47.33","2010-07-21","8.2.2-28/2010","2011-04-12","8.2.2-28/2010",NULL,NULL,NULL,NULL,NULL
"109","American foulbrood of honey bees","62378","15.96","46.92","2010-04-19","BHFB-18.2B40/2010-04","2010-06-09","BHFB-18.2B40/2010-9",NULL,NULL,NULL,NULL,NULL
"110","American foulbrood of honey bees","60345","15.17","46.68","2011-06-15","8.2 K11/2011","2012-02-06","8.2 K11/2011","2011-06-15","8.2 K11/2011","2012-02-06","8.2 K11/2011",NULL
"111","American foulbrood of honey bees","60345","15.23","46.69","2011-06-14","8.2 M4/2011","2012-02-06","8.2 M4/2011","2011-06-15","8.2 M4/2011","2012-02-06","8.2 M4/2011",NULL
"112","American foulbrood of honey bees","60345","15.21","46.67","2011-06-14","8.2 M4/2011","2012-02-06","8.2 M4/2011","2011-06-15","8.2 M4/2011","2012-02-06","8.2 M4/2011",NULL
"113","American foulbrood of honey bees","60351","15.23","46.70","2011-07-12","8.2 L3/2011","2012-02-06","8.2 L3/2011","2011-07-12","8.2 L3/2011","2012-02-06","8.2 L3/2011",NULL
"114","American foulbrood of honey bees","61106","14.92","47.40","2011-06-10","18.2 B24-2011/3","2012-08-29","18.2 B24-2012/6","2011-06-14","18.2 B24-2011/4","2012-08-31","18.2 B24-2012/7",NULL
"115","American foulbrood of honey bees","61106","14.94","47.41","2011-05-09","18.2 B18-2011/3","2012-08-29","18.2 B18-2012/6","2011-05-11","18.2 B18-2011/4","2012-08-31","18.2 B18-2012/7",NULL
"116","American foulbrood of honey bees","61109","14.86","47.40","2011-06-08","18.2 B21-2011/3","2012-08-29","18.2 B21-2012/6","2011-06-09","18.2 B21-2011/4","2012-08-31","18.2 B21-2012/7",NULL
"117","American foulbrood of honey bees","61109","14.83","47.41","2011-07-22","18.2 B25-2011/3","2012-08-29","18.2 B25-2012/6","2011-07-22","18.2 B25-2011/4","2012-08-31","18.2 B25-2012/7",NULL
"118","American foulbrood of honey bees","61109","14.78","47.41","2011-08-04","18.2 B28-2011/3","2012-08-29","18.2 B28-2012/6","2011-08-04","18.2 B28-2011/4","2012-08-31","18.2 B28-2012/4",NULL
"119","American foulbrood of honey bees","61109","14.79","47.41","2011-07-22","not available","2012-08-31","not available","2011-07-22","18.2 B26-2011/4","2012-08-31","18.2 B26-2012/7",NULL
"120","American foulbrood of honey bees","61115","14.98","47.33","2011-05-09","18.2 B17-2011/3","2012-08-29","18.2 B17-2012/6","2011-05-11","18.2 B17-2011/4","2012-08-31","18.2 N17-2012/7",NULL
"121","American foulbrood of honey bees","61115","14.98","47.32","2011-06-10","18.2 B23-2011/3","2012-08-29","18.2 B23-2012/6","2011-06-14","18.2 B23-2011/4","2012-08-31","18.2 B23-2012/7",NULL
"122","American foulbrood of honey bees","61115","14.99","47.32","2011-09-01","18.2 B29-2011/3","2012-08-29","18.2 B23-2012/6","2011-09-09","18.2 B29-2011/4","2012-08-31","18.2 B29/2012/7",NULL
"123","American foulbrood of honey bees","61261","13.97","47.46","2011-05-24","8.2-2/2011","2011-06-04","8.2-2/2011","2011-05-24","8.2-2/2011","2011-06-04","8.2-2/2011",NULL
"124","American foulbrood of honey bees","61262","13.98","47.45","2011-05-24","8.2-3/2011","2011-06-04","8.2-3/2011","2011-05-24","8.2-3/2011","2011-06-04","8.2-3/2011",NULL
"125","American foulbrood of honey bees","61247","14.49","47.48","2011-06-17","18.2-27/99","2011-10-03","18.2-27/99",NULL,NULL,NULL,NULL,NULL
"126","American foulbrood of honey bees","61247","14.57","47.49","2011-06-22","18.2-27/99","2011-09-30","18.2-27/99",NULL,NULL,NULL,NULL,NULL
"127","American foulbrood of honey bees","61730","15.60","47.20","2011-05-02","8-122/2011","2011-06-30","8-122/2011",NULL,NULL,NULL,NULL,NULL
"128","American foulbrood of honey bees","62043","14.59","47.24","2011-07-15","8.2 T25-1992/1","2011-11-03","8.2 T25-1992/2",NULL,NULL,NULL,NULL,NULL
"129","American foulbrood of honey bees","62143","15.68","47.58","2012-05-02","18.2-5/2012","2012-07-25","18.2-5/2012","2012-05-02","18.2-5/2012","2012-07-25","18.2-5/2012",NULL
"130","American foulbrood of honey bees","62148","15.08","47.50","2011-05-31","18.2 B1/I 1-2011/6","2012-06-18","18.2 B1/I 1-2012/14","2011-05-31","18.2 B1/I 1-2011/7","2012-06-18","18.2 B1/I 1-2012/15",NULL
"131","American foulbrood of honey bees","62148","15.07","47.51","2011-07-11","18.2 B1/F 1-2011/6","2012-06-18","18.2 B1/F 1-2012/11","2011-07-11","18.2 B1/F 1-2011/7","2012-06-18","18.2 B1/F 1-2012/12",NULL
"132","American foulbrood of honey bees","62148","15.09","47.52","2011-07-08","18.2 B1/H 2-2011/6","2012-06-18","18.2 B1/H 2-2012/12","2011-07-08","18.2 B1/H 2.2011/7","2012-06-18","18.2 B1/H 2-2012/13",NULL
"133","American foulbrood of honey bees","62148","15.07","47.51","2011-07-08","18.2 B1/H 1-2011/6","2012-06-18","18.2 B1/H 1-2012/10","2011-07-08","18.2 B1/H 1-2011/7","2012-06-18","18.2 B1/H 1-2012/11",NULL
"134","American foulbrood of honey bees","62148","15.09","47.54","2011-08-11","18.2 B1/L 1-2011/7","2012-07-10","18.2 B1/L 1-2012/12","2011-08-11","18.2 B1/L 1-2011/8","2012-07-10","18.2 B1/L 1-2012/13",NULL
"135","American foulbrood of honey bees","62148","15.08","47.52","2011-07-12","18.2 B1/K 1-2011/7","2012-07-18","18.2 B1/K 1-2012/12","2012-07-12","18.2 B1/K 1-2011/8","2012-07-18","18.2 B1/K 1-2012/13",NULL
"136","American foulbrood of honey bees","62148","15.08","47.51","2011-07-08","18.2 B1/R2-2011/6","2012-08-21","18.2 B1/R2-2012/16","2011-07-08","18.2 B1/R2-2011/7","2012-08-21","18.2 B1/R2-2012/17",NULL
"137","American foulbrood of honey bees","62132","15.53","47.47","2011-11-03","18.2-18/2011","2012-07-30","18.2-178/2011",NULL,NULL,NULL,NULL,NULL
"138","American foulbrood of honey bees","62262","15.78","47.41","2011-04-20","8.2.2-32/2011","2012-01-18","8.2.2-32/2011",NULL,NULL,NULL,NULL,NULL
"139","American foulbrood of honey bees","61106","14.94","47.41","2011-06-08","18.2 B22-2011/3","2011-11-15","18.2 B22-2011/6","2011-06-08","18.2 B22-2011/3","2011-11-18","18.2 B22-2011/7",NULL
"140","American foulbrood of honey bees","61109","14.83","47.40","2011-06-08","18.2 B20-2011/3","2011-11-15","18.2 B24-2011/6","2011-06-09","18.2 B20-2011/4","2011-11-18","18.2 B20-2011/7",NULL
"141","American foulbrood of honey bees","61105","14.76","47.43","2011-06-08","18.2 B20-2011/3","2011-11-15","18.2 B24-2011/6","2011-06-09","18.2 B20-2011/4","2011-11-18","18.2 B20-2011/7",NULL
"142","American foulbrood of honey bees","61708","15.67","47.41","2011-05-24","8-131/2011","2011-08-25","8-131/2011",NULL,NULL,NULL,NULL,NULL
"143","American foulbrood of honey bees","61757","15.43","47.34","2011-06-01","8-135/2011","2011-07-22","8-135/2011",NULL,NULL,NULL,NULL,NULL
"144","American foulbrood of honey bees","61708","15.67","47.41","2011-05-24","8-131/2011","2011-08-25","8-131/2011",NULL,NULL,NULL,NULL,NULL
"145","American foulbrood of honey bees","61757","15.70","47.34","2011-04-22","8-115/2011","2011-06-30","8-115/2011",NULL,NULL,NULL,NULL,NULL
"146","American foulbrood of honey bees","61119","14.70","47.44","2010-08-30","18.2 B25-2010/3","2011-10-20","18.2 B25-2010/6","2010-08-30","18.2 B25-2010/4","2011-10-20","not available",NULL
"147","American foulbrood of honey bees","61119","14.69","47.44","2010-08-25","18.2 B24-2010/3","2011-10-20","not available","2010-08-25","18.2 B24-2010/4",NULL,"18.2 B24-2010/6",NULL
"148","American foulbrood of honey bees","61119","14.69","47.44","2010-08-20","18.2 B26-2010/3","2011-10-20","18.2 B26-2010/6","2010-08-30","18.2 B26-2010/4","2011-10-20","not available",NULL
"149","American foulbrood of honey bees","60659","15.24","47.20","2009-05-19","18 B 4/2009","2009-06-05","18 B 4/2009",NULL,NULL,NULL,NULL,NULL
"150","American foulbrood of honey bees","60651","15.25","47.22","2009-03-25","18 B 4/2009","2009-05-29","18 B 4/2009",NULL,NULL,NULL,NULL,NULL
"151","American foulbrood of honey bees","61257","14.08","47.50","2009-08-24","18.2-27/99","2010-09-24","18.2-27/99",NULL,NULL,NULL,NULL,NULL
"152","American foulbrood of honey bees","61757","15.67","47.39","2009-09-19","8-180/2009","2010-07-27","8-180/2009",NULL,NULL,NULL,NULL,NULL
"153","American foulbrood of honey bees","61757","15.63","47.40","2009-05-26","8-108/2009","2010-06-30","8-108/2009",NULL,NULL,NULL,NULL,NULL
"154","American foulbrood of honey bees","62115","15.55","47.55","2009-05-25","18.2-11/2009","2009-09-01","18.2-11/2009","2009-05-25","18.2-11/2009","2009-09-01","18.2-11/09",NULL
"155","American foulbrood of honey bees","62115","15.53","47.54","2009-06-22","18.2-20/2009","2009-10-01","18.2-20/2009","2009-06-22","18.2-20/2009","2009-10-01","18.2-20/2009",NULL
"156","American foulbrood of honey bees","62131","15.80","47.62","2009-08-25","18.2-12/2009","2009-10-01","18.2-12/2009","2009-05-25","18.2-12/2009","2009-10-01","18.2-12/2009",NULL
"157","American foulbrood of honey bees","62131","15.83","47.59","2009-06-16","18.2-19/2009-2","2009-10-01","18.2-19/2009-2","2009-06-12","18.2-19/2009-2","2009-10-01","18.2-19/2009-2",NULL
"158","American foulbrood of honey bees","62131","15.79","47.62","2009-06-16","18.2-19/2009-1","2009-10-01","18.2-19/2009-1","2009-06-16","18.2-19/2009-1","2009-10-01","18.2-19/2009-1",NULL
"159","American foulbrood of honey bees","62278","15.84","47.45","2009-08-21","18.2.2-13/2009-2","2010-07-26","18.2.2-13/2009",NULL,NULL,NULL,NULL,NULL
"160","American foulbrood of honey bees","62262","15.76","47.43","2009-08-12","8.2.2-13/2009","2010-07-26","18.2.2-13/2009",NULL,NULL,NULL,NULL,NULL
"161","American foulbrood of honey bees","62376","15.97","46.69","2009-09-25","not available","2010-03-24","18.2.B2/2006-35, 8.2-29/2009","2009-09-25","18.2.B2/2006-35, 8.2-29/2009",NULL,NULL,NULL
"162","American foulbrood of honey bees","61002","15.43","46.68","2008-05-21","18.2.2.24-2008","2008-09-04","18.2.2.24-2008","2008-05-27","18.2.2.24-2008","2008-09-04","not available",NULL
"163","American foulbrood of honey bees","61012","15.58","46.81","2008-10-02","18.2.2.24-2008","2009-05-22","18.2.2.24-2009",NULL,NULL,NULL,NULL,NULL
"164","American foulbrood of honey bees","61054","15.42","46.67","2008-06-09","18.2.2.24-2008","2008-09-04","18.2.2.24-2008","2008-06-10","18.2.2.24-2008","2008-09-04","not available",NULL
"165","American foulbrood of honey bees","61257","14.08","47.49","2008-05-19","18.2-27/99","2008-07-30","18.2-27/99",NULL,NULL,NULL,NULL,NULL
"166","American foulbrood of honey bees","61439","14.39","47.00","2008-06-06","8.2-16/2008","2008-09-22","8.2-16/2008","2008-06-06","8.2-13/2008","2008-09-25","8.2-13/2008",NULL
"167","American foulbrood of honey bees","61446","14.29","47.13","2008-05-20","8.2-13/2008","2008-09-22","8.2-13/2008","2008-05-20","8.2-13/2008","2008-09-25","8.2-13/2008",NULL
"168","American foulbrood of honey bees","61446","14.27","47.15","2008-05-30","8.2-13/2008","2008-09-22","8.2-13/2008","2008-05-30","8.2-13/2008","2008-09-25","8.2-13/2008",NULL
"169","American foulbrood of honey bees","61446","14.30","47.13","2008-05-30","not available","2008-09-25","not available","2008-05-30","8.2-13/2008","2008-09-25","8.2-13/2008",NULL
"170","American foulbrood of honey bees","61757","15.69","47.39","2008-09-01","8-305/2008","2009-06-02","8-305/2008",NULL,NULL,NULL,NULL,NULL
"171","American foulbrood of honey bees","61757","15.66","47.38","2008-09-01","8-304/2008","2009-06-02","8-304/2008",NULL,NULL,NULL,NULL,NULL
"172","American foulbrood of honey bees","61757","15.66","47.38","2008-09-01","8-306/2008","2009-07-08","8-306/2008",NULL,NULL,NULL,NULL,NULL
"173","American foulbrood of honey bees","61757","15.67","47.39","2008-08-13","8-301/2008","2009-07-08","8-301/2008",NULL,NULL,NULL,NULL,NULL
"174","American foulbrood of honey bees","62115","15.57","47.56","2008-08-19","18.2-24/2008","2008-11-06","18.2-24/2008",NULL,NULL,NULL,NULL,NULL
"175","American foulbrood of honey bees","62115","15.56","47.56","2008-09-03","18.2-25/2008","2009-04-20","18.2-25/2008","2008-09-03","18.2-25/2008","2009-04-20","18.2-25/2008",NULL
"176","American foulbrood of honey bees","62116","15.61","47.56","2008-08-12","18.2-23/2008","2008-10-09","18.2-23/20078","2008-08-12","18.2-23/2008","2008-10-09","18.2-23/2008",NULL
"177","American foulbrood of honey bees","62116","15.61","47.57","2008-07-29","18.2-19/2008","2009-04-20","18.2-19/2008","2008-06-29","18.2-19/2008","2009-04-20","18.2-19/2008",NULL
"178","American foulbrood of honey bees","62268","15.97","47.36","2008-08-26","8.2.1-38/2008","2008-11-17","8.2-1-38/2008",NULL,NULL,NULL,NULL,NULL
"179","American foulbrood of honey bees","62268","15.94","47.36","2008-06-19","8.2.1-21/2008","2009-08-19","8.2.1-31/2008","2008-09-18","8.2.-31/2008","2009-08-19","not available",NULL
"180","American foulbrood of honey bees","62268","15.94","47.35","2008-08-26","8.2.1-36/2008","2008-11-17","8.2.1-36/2008",NULL,NULL,NULL,NULL,NULL
"181","American foulbrood of honey bees","62268","15.96","47.33","2008-08-26","8.2.1-37/2008","2009-05-19","8.2.1-37/2008",NULL,NULL,NULL,NULL,NULL
"182","American foulbrood of honey bees","62378","15.99","46.98","2008-07-14","not available","2008-10-09","BHFB-18.2-B32/2008-14","2008-07-14","BHFB-18.2-B32/2008-7","2008-10-09","not available",NULL
"183","American foulbrood of honey bees","62386","15.88","46.98","2008-07-03","not available","2008-10-09","BHFB-18.2-B32/2008-13","2008-07-03","BHFB-18.2-B32/2008-3","2008-10-09","not available",NULL
"184","American foulbrood of honey bees","62386","15.93","46.97","2008-08-13","not available","2008-10-09","BHFB-18.2-B32/2008-9","2008-08-13","BHFB-18.2-B35/2008-3","2008-10-09","not available",NULL
"185","American foulbrood of honey bees","62386","15.89","46.98","2008-08-05","not available","2008-10-09","BHFB-18.2-B32/2008-6","2008-08-05","BHFB-18.2-B34/2008-3","2008-10-09","not available",NULL
"186","American foulbrood of honey bees","62386","15.88","46.99","2008-08-05","not available","2008-10-09","BHFB-18.2-B32/2008-5","2008-08-05","BHFB-18.2-B33/2008-3","2008-10-09","not available",NULL
"187","American foulbrood of honey bees","62379","15.91","46.96","2008-08-13","BHFB-18.2B35/2008-6","2008-10-09","not available",NULL,NULL,NULL,NULL,NULL
"188","American foulbrood of honey bees","60624","15.47","46.97","2007-05-21","18 B 4/2007","2007-08-20","18 B 4/2007","2007-05-21","18 B 4/2007","2007-08-20","not available",NULL
"189","American foulbrood of honey bees","61019","15.48","46.79","2007-11-12","18.2.2.24-2007","2008-04-07","18.2.2.24-2008","2007-12-17","18.2.2.24-2007","2008-04-07","not available",NULL
"190","American foulbrood of honey bees","61049","15.57","46.74","2007-03-23","18.2.2.24-2007","2007-05-11","18.2.2.24-2007",NULL,NULL,NULL,NULL,NULL
"191","American foulbrood of honey bees","61206","14.33","47.58","2007-05-31","18.2-27/99","2007-09-24","18.2-27/99",NULL,NULL,NULL,NULL,NULL
"192","American foulbrood of honey bees","61257","14.12","47.48","2007-09-07","18.2-27/99","2008-07-09","18.2-27/99",NULL,NULL,NULL,NULL,NULL
"193","American foulbrood of honey bees","61259","14.25","47.57","2007-07-09","18.2-27/99","2007-09-24","18.2-27/99",NULL,NULL,NULL,NULL,NULL
"194","American foulbrood of honey bees","61262","13.98","47.45","2007-05-15","8.2-4/2007","2008-01-14","8.2-4/2007",NULL,NULL,NULL,NULL,NULL
"195","American foulbrood of honey bees","61438","14.20","47.11","2007-05-25","8.2-16/2007","2007-09-18","8.2-16/2007 ","2007-06-12","8.2-16/2007","2007-09-18","8.2-16/2007",NULL
"196","American foulbrood of honey bees","61438","14.20","47.09","2007-06-12","8.2-16/2007","2007-09-18","8.2-16/2007","2007-06-12","8.2-16/2007","2007-09-18","8.2-16/2007",NULL
"197","American foulbrood of honey bees","61438","14.20","47.10","2007-06-12","8.2-16/2007","2007-09-18","8.2-16/2007","2007-06-12","8.2-16/2007","2007-09-18","8.2-16/2007",NULL
"198","American foulbrood of honey bees","61438","14.21","47.07","2007-06-12","8.2-16/2007","2007-09-18","8.2-16/2007","2007-06-12","8.2-16/2007","2007-09-18","8.2-16/2007",NULL
"199","American foulbrood of honey bees","61438","14.17","47.11","2007-06-12","8.2-16/2007","2007-09-18","8.2-16/2007","2007-06-12","8.2-16/2007","2007-09-18","8.2-16/2007",NULL
"200","American foulbrood of honey bees","61438","14.17","47.12","2007-07-30","8.2-16/2007","2007-09-18","8.2-16/2007","2007-07-30","8.2-16/2007","2007-09-18","8.2-16/2007",NULL
"201","American foulbrood of honey bees","61438","14.22","47.12","2007-06-12","8.2-16/2007","2007-09-18","8.2-16/2007","2007-06-12","8.2-16/2007","2007-09-18","8.2-16/2007",NULL
"202","American foulbrood of honey bees","61745","15.58","47.33","2007-08-08","8-432/2007","2008-06-05","8-432/2007","2007-08-08","8-432/2007","2007-08-08","not available",NULL
"203","American foulbrood of honey bees","61745","15.60","47.34","2007-08-08","8-434/2007","2008-06-05","8-434/2007","2007-08-08","8-434/2007","2008-06-05","not available",NULL
"204","American foulbrood of honey bees","61745","15.57","47.33","2007-08-01","8-409/2007","2008-06-05","8-409/2007","2007-08-01","8-409/2007","2008-06-05","not available",NULL
"205","American foulbrood of honey bees","61745","15.58","47.33","2007-08-08","8-433/2007","2008-06-05","8-433/2007","2007-08-08","8-433/2007","2008-06-05","not available",NULL
"206","American foulbrood of honey bees","61745","15.57","47.32","2007-08-08","8-431/2007","2008-06-05","8-431/2007","2007-08-08","8-431/2007","2008-06-05","not available",NULL
"207","American foulbrood of honey bees","61750","15.73","47.41","2007-10-08","8-933/2007","2008-06-05","8-933/2007","2007-10-08","8-933/2007","2008-06-05","not available",NULL
"208","American foulbrood of honey bees","62115","15.56","47.56","2007-10-23","18.2-19/2007","2008-04-28","18.2-19/2007","2007-10-23","18.2-19/2007","2008-04-28","18.2-19/2007",NULL
"209","American foulbrood of honey bees","62145","15.51","47.54","2007-10-23","18.2-20/2007","2008-04-28","18.2-20/2007","2007-10-23","18.2-20/2007","2008-04-28","18.2-20/2007",NULL
"210","American foulbrood of honey bees","62145","15.49","47.54","2007-08-28","18.2-15/2007","2007-10-23","18.2-15/2007",NULL,NULL,NULL,NULL,NULL
"211","American foulbrood of honey bees","62132","15.51","47.47","2007-05-23","18.2-12/2007","2007-10-17","18.2-12/2007","2007-05-23","18.2-12/2007","2007-10-17","18.2-12/2007",NULL
"212","American foulbrood of honey bees","62132","15.50","47.47","2007-05-23","18.2-11/2007","2007-10-17","18.2-11/2007","2007-05-23","18.2-11/2007","2007-10-17","18.2-11/2007",NULL
"213","American foulbrood of honey bees","61257","14.12","47.38","2006-10-10","18.2-27/99","2007-06-08","18.2-27/99",NULL,NULL,NULL,NULL,NULL
"214","American foulbrood of honey bees","61262","14.02","47.48","2006-05-22","8.2-22/06","2006-08-29","8.2-22/2006",NULL,NULL,NULL,NULL,NULL
"215","American foulbrood of honey bees","61267","14.06","47.53","2006-07-18","18.2-27/99","2006-09-04","18.2-27/99",NULL,NULL,NULL,NULL,NULL
"216","American foulbrood of honey bees","62141","15.46","47.51","2006-08-08","18.2-18/2006","2006-10-09","18.2-18/2006","2006-08-08","18.2-18/2006","2006-10-09","18.2-18/2006",NULL
"217","American foulbrood of honey bees","62141","15.41","47.52","2006-06-28","18.2-17/06","2006-08-30","18.2-18/2006","2006-06-28","18.2-18/2006","2006-08-30","18.2-18/2006",NULL
"218","American foulbrood of honey bees","62381","15.67","46.92","2006-08-18","not available","2006-10-11","BHFB-18.2-B14/2006-7","2006-08-22","BHFB-18.2-B14/2006-3","2006-10-11","not available",NULL
"219","American foulbrood of honey bees","62381","15.67","46.91","2006-06-07","not available","2006-07-28","BHFB-18.2-B8/2006-6","2006-06-07","18.2 B 8/2006-3","2006-07-28","not available",NULL
"220","American foulbrood of honey bees","62381","15.67","46.91","2006-10-16","not available","2007-05-04","BHFB-18.2-B8/2006-16","2006-10-16","BHFB-18.2-B8/2006-10","2007-05-04","not available",NULL
"221","American foulbrood of honey bees","62380","15.86","46.86","2005-06-07","not available","2005-10-05","18.2 B 25/5-2005","2005-06-16","18.2 B 25/4-2005","2005-10-05","not available",NULL
"222","American foulbrood of honey bees","61262","14.02","47.48","2005-10-19","8.2-3/05","2006-04-25","8.2-3/05",NULL,NULL,NULL,NULL,NULL
"223","American foulbrood of honey bees","61256","14.52","47.50","2005-07-22","18.2-27/99","2005-09-15","18.2-27/99",NULL,NULL,NULL,NULL,NULL
"224","American foulbrood of honey bees","60344","15.18","46.89","2002-07-09","18.2 B1 R8 05-02","2002-09-16","18.2 B1 R8 06-02","2002-08-14","18.2 B1 R8 06-02","2002-09-16","18.2 B1 R8 05-02",NULL
"225","American foulbrood of honey bees","60326","15.34","46.89","2002-07-09","not available","2002-09-16","not available","2002-07-09","18.2 B1 R8 05-02","2002-09-16","18.2 B1 R8 05-02",NULL
"226","American foulbrood of honey bees","60659","15.31","47.18","2003-06-04","18 B 4/2003","2003-09-16","18 B 4/2003",NULL,NULL,NULL,NULL,NULL
"227","American foulbrood of honey bees","60664","15.32","47.11","2003-08-22","18 B 4/2003","2004-04-22","18 B 4/2004",NULL,NULL,NULL,NULL,NULL
"228","American foulbrood of honey bees","60664","15.33","47.11","2003-08-04","18 B 4/2003","2004-04-22","18 B 4/2004",NULL,NULL,NULL,NULL,NULL
"229","American foulbrood of honey bees","60642","15.49","47.18","2003-06-20","18 B4-2003","2003-09-10","18 B4-2003",NULL,NULL,NULL,NULL,NULL
"230","American foulbrood of honey bees","60642","15.49","47.17","2003-08-04","18 B4-2003","2003-09-10","18 B4-2003",NULL,NULL,NULL,NULL,NULL
"231","American foulbrood of honey bees","60663","15.36","47.28","2001-09-17","18 B 4/2001","2002-10-21","18 B 4/2002",NULL,NULL,NULL,NULL,NULL
"232","American foulbrood of honey bees","60663","15.39","47.27","2001-07-16","18 B 4/2001","2002-10-21","18 B 4/2002",NULL,NULL,NULL,NULL,NULL
"233","American foulbrood of honey bees","60663","15.36","47.28","2001-09-17","18 B 4/2001","2002-10-21","18 B 4/2002","2001-09-17","18 B 4/2001","2002-10-21","not available",NULL
"234","American foulbrood of honey bees","60669","15.37","47.02","2002-09-10","18 B4/2002","2003-04-25","18 B4/2003",NULL,NULL,NULL,NULL,NULL
"235","American foulbrood of honey bees","60645","15.44","47.22","2002-07-02","18 B4-2002","2003-05-28","18 B4-2002",NULL,NULL,NULL,NULL,NULL
"236","American foulbrood of honey bees","60645","15.37","47.19","2002-08-16","18 B4/2002","2003-05-08","18 B4/2003",NULL,NULL,NULL,NULL,NULL
"237","American foulbrood of honey bees","60645","15.43","47.21","2002-07-15","18 B4/2002","2003-05-08","18 B4/2003",NULL,NULL,NULL,NULL,NULL
"238","American foulbrood of honey bees","60645","15.42","47.18","2002-08-15","18 B4/2002","2003-05-08","18 B4/2003",NULL,NULL,NULL,NULL,NULL
"239","American foulbrood of honey bees","60645","15.41","47.23","2002-06-11","18 B4/2002","2003-05-08","18 B4/2003",NULL,NULL,NULL,NULL,NULL
"240","American foulbrood of honey bees","60645","15.42","47.26","2001-09-17","18 B 4/2001","2002-08-13","18 B 4/2002","2001-09-17","18 B 4/2001","2002-08-13","not available",NULL
"241","American foulbrood of honey bees","60645","15.37","47.24","2001-07-16","18 B 4/2001","2002-08-13","18 B 4/2002",NULL,NULL,NULL,NULL,NULL
"242","American foulbrood of honey bees","60645","15.36","47.25","2001-09-17","18 B 4/2001","2002-08-13","18 B 4/2002","2001-09-17","18 B 4/2001","2002-08-13","not available",NULL
"243","American foulbrood of honey bees","60646","15.42","47.16","2002-09-11","18 B4/2002","2003-09-08","18 B4/2003",NULL,NULL,NULL,NULL,NULL
"244","American foulbrood of honey bees","60654","15.45","47.15","2003-05-15","18 B4-2003","2003-09-09","18 B4-2003",NULL,NULL,NULL,NULL,NULL
"245","American foulbrood of honey bees","61002","15.40","46.68","2008-04-18","18.2.2.24-2008","2008-05-21","18.2.2.24-2008","2008-04-22","18.2.2.24-2008","2008-05-21","not available",NULL
"246","American foulbrood of honey bees","61030","15.42","46.80","2006-07-14","not available","2006-10-18","18.2.2.24-2006","2006-07-20","18.2.2.24-2006","2006-10-18","not available",NULL
"247","American foulbrood of honey bees","61033","15.45","46.81","2006-07-12","not available","2006-10-18","18.2.2.24-2006","2006-07-20","18.2.2.24-2006","2006-10-18","not available",NULL
"248","American foulbrood of honey bees","61054","15.47","46.66","2003-04-25","18.2.2.24-2003","2003-09-01","18.2.2.24-2003","2003-05-08","18.2.2.24-2003","2003-09-01","not available",NULL
"249","American foulbrood of honey bees","61101","14.86","47.55","2004-07-14","18.2 BI 1-8-2004/3","2004-10-22","18.2 B 18.2 B 8-04/11",NULL,NULL,NULL,NULL,NULL
"250","American foulbrood of honey bees","61101","14.86","47.55","2004-07-14","18.2 BI 1-8-2004/3","2004-10-22","18.2 B 18.2 B 8-04/11",NULL,NULL,NULL,NULL,NULL
"251","American foulbrood of honey bees","61119","14.68","47.46","2004-08-27","18.2 Bi 1-8-2004/7","2005-11-15","18.2 B 18.2 B 8-05/5","2004-08-27","18.2 B 8-2004/7","2005-11-15","18.2 B 8-05/6",NULL
"252","American foulbrood of honey bees","61257","14.12","47.38","2004-09-30","18.2-27/99","2005-07-22","18.2-27/99",NULL,NULL,NULL,NULL,NULL
"253","American foulbrood of honey bees","61213","13.91","47.44","2003-09-08","8.2-M4-2003","2003-10-27","8.2-M4-2003",NULL,NULL,NULL,NULL,NULL
"254","American foulbrood of honey bees","61213","13.92","47.44","2003-09-24","8.2-P8-2003","2003-10-27","8.2-P8-2003",NULL,NULL,NULL,NULL,NULL
"255","American foulbrood of honey bees","61215","13.83","47.62","2001-07-18","18.2 G 2-2001","2002-05-28","18.2 G 2-2001","2001-07-18","18.2 G 2-2001","2002-05-28","18.2 G 2-2001",NULL
"256","American foulbrood of honey bees","61259","14.24","47.57","2004-08-05","18.2-27/99","2006-09-12","18.2-27/99",NULL,NULL,NULL,NULL,NULL
"257","American foulbrood of honey bees","61260","13.92","47.43","2003-09-24","8.2-Z2-2003","2003-10-27","8.2-Z2-2003",NULL,NULL,NULL,NULL,NULL
"258","American foulbrood of honey bees","61260","13.92","47.43","2003-09-24","8.2-W3-2003","2003-10-27","8.2-W3-2003",NULL,NULL,NULL,NULL,NULL
"259","American foulbrood of honey bees","61261","13.93","47.44","2001-07-11","not available","2002-11-13","18.2-5/2001",NULL,NULL,NULL,NULL,NULL
"260","American foulbrood of honey bees","61446","14.27","47.14","2002-07-02","8.2-Ma 10/02","2003-04-29","8.2-Ma 10/02",NULL,NULL,NULL,NULL,NULL
"261","American foulbrood of honey bees","61439","14.42","47.09","2001-05-17","18.2 Bi 21/01","2002-07-31","18.2 Bi 21/01",NULL,NULL,NULL,NULL,NULL
"262","American foulbrood of honey bees","61439","14.43","47.09","2001-05-17","8.3 Ko 28/01","2002-07-31","8.3-Ko 28/01",NULL,NULL,NULL,NULL,NULL
"263","American foulbrood of honey bees","61410","14.51","47.03","2003-07-23","8.2-4/03","2003-09-05","8.2-4/03",NULL,NULL,NULL,NULL,NULL
"264","American foulbrood of honey bees","61410","14.50","47.03","2003-07-23","8.2-4/03","2003-09-05","8.2-4/03",NULL,NULL,NULL,NULL,NULL
"265","American foulbrood of honey bees","61410","14.51","47.03","2003-07-23","8.2-4/03","2003-09-05","8.2-4/03",NULL,NULL,NULL,NULL,NULL
"266","American foulbrood of honey bees","61410","14.51","47.03","2003-07-23","8.2-4/03","2003-09-05","8.2-4/03",NULL,NULL,NULL,NULL,NULL
"267","American foulbrood of honey bees","61410","14.51","47.03","2003-07-23","8.2-4/03","2003-09-05","8.2-4/03",NULL,NULL,NULL,NULL,NULL
"268","American foulbrood of honey bees","61439","14.42","47.07","2001-05-28","18.2 Bi 21/01","2002-07-31","18.2 Bi 21/0118.2 Bi 21/01",NULL,NULL,NULL,NULL,NULL
"269","American foulbrood of honey bees","61440","14.28","47.20","2002-05-22","8.3-Sa 2/02","2002-07-09","8.3-Sa 2/02",NULL,NULL,NULL,NULL,NULL
"270","American foulbrood of honey bees","61439","14.44","47.09","2001-05-17","18.2 Bi 21/01","2002-07-31","18.2 Bi 21/01",NULL,NULL,NULL,NULL,NULL
"271","American foulbrood of honey bees","61439","14.44","47.09","2001-05-17","18.2 Bi 21/01","2002-07-31","18.2 Bi 21/01",NULL,NULL,NULL,NULL,NULL
"272","American foulbrood of honey bees","61442","14.07","47.11","2001-08-07","8.3 He 3/01","2002-10-30","8.3-He 3/01","2001-08-07","18.2 Bi 21/01","2002-10-30","18.2 Bi 21/01",NULL
"273","American foulbrood of honey bees","61756","15.72","47.27","2002-08-09","8-122-02","2002-10-28","8-122/2002",NULL,NULL,NULL,NULL,NULL
"274","American foulbrood of honey bees","61765","15.69","47.20","2002-06-21","8-183/2001","2002-10-08","8-183/01",NULL,NULL,NULL,NULL,NULL
"275","American foulbrood of honey bees","61765","15.69","47.20","2002-06-19","8-183/2001","2002-10-08","8-183/01",NULL,NULL,NULL,NULL,NULL
"276","American foulbrood of honey bees","61765","15.68","47.20","2002-06-19","8-106/2002","2002-10-08","8-106-2002",NULL,NULL,NULL,NULL,NULL
"277","American foulbrood of honey bees","61765","15.69","47.20","2002-05-16","8-94/2002","2002-10-08","8-94/2002",NULL,NULL,NULL,NULL,NULL
"278","American foulbrood of honey bees","61765","15.71","47.19","2002-06-10","8-102/2002","2002-10-08","8-102/2002",NULL,NULL,NULL,NULL,NULL
"279","American foulbrood of honey bees","61710","15.73","47.27","2002-08-09","8-122/2-02","2002-10-28","8-122/2-2002",NULL,NULL,NULL,NULL,NULL
"280","American foulbrood of honey bees","61710","15.72","47.24","2002-07-10","8-114/2002","2002-10-08","8-114/2002",NULL,NULL,NULL,NULL,NULL
"281","American foulbrood of honey bees","61763","15.53","47.33","2002-05-27","8-100/2002","2002-06-13","8-100/2002",NULL,NULL,NULL,NULL,NULL
"282","American foulbrood of honey bees","61740","15.70","47.20","2002-05-16","8-93-2002","2002-10-08","8-93-2002",NULL,NULL,NULL,NULL,NULL
"283","American foulbrood of honey bees","61761","15.48","47.22","2002-08-22","8-124/2002","2003-05-19","8-124/2002",NULL,NULL,NULL,NULL,NULL
"284","American foulbrood of honey bees","61757","15.68","47.39","2009-07-20","8-129/2009","2009-11-09","8-129/2009",NULL,NULL,NULL,NULL,NULL
"285","American foulbrood of honey bees","62036","14.44","47.21","2003-07-01","not available","2003-08-04","18.2 B2-03",NULL,NULL,NULL,NULL,NULL
"286","American foulbrood of honey bees","62141","15.48","47.43","2004-08-19","18.2-16/04","2004-10-14","18.2-16/04","2004-08-20","18.2-16/04","2004-10-14","18.2-16/04",NULL
"287","American foulbrood of honey bees","62105","15.43","47.41","2004-07-13","18.2 B1/H1-2004/2","2004-09-28","18.2 B1/H1-2004/4","2004-07-14","18.2 B1/H1-2004/2","2004-09-28","18.2 B1/H1-2004/4",NULL
"288","American foulbrood of honey bees","62143","15.68","47.58","2003-05-28","18.2-10/03","2003-08-07","18.2-10/03","2003-05-28","18.2-10/03","2003-08-07","not available",NULL
"289","American foulbrood of honey bees","62116","15.67","47.58","2003-06-06","18.2-11/03","2003-09-19","18.2-11/03","2003-06-06","18.2-11/03","2003-09-19","not available",NULL
"290","American foulbrood of honey bees","62143","15.65","47.57","2003-06-23","18.2-13/03","2003-09-19","18.2-13/03","2003-06-23","18.2-13/03","2003-09-19","not available",NULL
"291","American foulbrood of honey bees","62266","15.85","47.20","2002-05-07","8.2-498/02","2002-08-21","8.2-498/02",NULL,NULL,NULL,NULL,NULL
"292","American foulbrood of honey bees","62233","16.04","47.47","2003-07-29","8.2 1072003","2003-10-02","8.2 10/03",NULL,NULL,NULL,NULL,NULL
"293","American foulbrood of honey bees","62233","16.03","47.49","2002-06-27","8.2-513/02","2002-09-04","8.2-513/02",NULL,NULL,NULL,NULL,NULL
"294","American foulbrood of honey bees","62233","16.03","47.50","2002-06-21","8.2-510/02","2002-08-27","8.2-510/02",NULL,NULL,NULL,NULL,NULL
"295","American foulbrood of honey bees","62233","16.04","47.50","2002-06-13","8.2-505/02","2002-08-27","8.2-505/02",NULL,NULL,NULL,NULL,NULL
"296","American foulbrood of honey bees","62266","15.82","47.21","2002-03-19","8.2-495/02","2002-08-21","8.2-495/02",NULL,NULL,NULL,NULL,NULL
"297","American foulbrood of honey bees","62266","15.81","47.21","2002-05-16","8.2-500/02","2002-08-21","8.2-500/02",NULL,NULL,NULL,NULL,NULL
"298","American foulbrood of honey bees","62385","15.62","46.97","2006-10-16","not available","2007-05-04","BHFB-18.2-B8/2006-16","2006-10-16","BHFB-18.2-B8/2006-10","2007-05-04","not available",NULL
"299","American foulbrood of honey bees","62390","15.88","46.80","2004-06-07","not available","2004-09-10","18.2 B 11/30-2004","2004-06-09","18.2 B1/8-2004","2004-09-10","not available",NULL
"300","American foulbrood of honey bees","62378","16.01","46.96","2003-07-07","not available","2003-08-28","18.2 B 11/11-2003","2003-07-10","18.2 V 11/4-2003","2003-08-28","not available",NULL
"301","American foulbrood of honey bees","62381","15.64","46.92","2006-10-16","not available","2007-05-04","BHFB-18.2-B8/2006-16","2006-10-16","BHFB-18.2-B8/2006-10","2007-05-04","not available",NULL
"302","American foulbrood of honey bees","62381","15.66","46.90","2006-10-16","not available","2007-05-04","BHFB-18.2-B8/2006-16","2006-10-16","BHFB-18.2-B8/2006-10","2007-05-04","not available",NULL
"303","American foulbrood of honey bees","62390","15.87","46.84","2004-11-02","not available","2005-06-02","18.2 B 23/5-2005",NULL,NULL,NULL,NULL,NULL
"304","American foulbrood of honey bees","62390","15.87","46.82","2004-08-03","not available","2005-06-02","18.2 B 16/7-2005","2004-08-03","18.2 B16/5-2004","2005-06-02","not available",NULL
"305","American foulbrood of honey bees","62390","15.88","46.80","2004-06-07","not available","2004-09-10","18.2 B 11/28-2004","2004-06-09","18.2 B 1/8-2004","2004-09-10","not available",NULL
"306","American foulbrood of honey bees","62390","15.87","46.81","2004-06-28","not available","2004-09-10","18.2 B 11/29-2004","2004-07-01","18.2 B1/10-2004","2004-09-10","not available",NULL
"307","American foulbrood of honey bees","60350","15.27","46.86","2001-03-19","18.2 B 1/2001","2001-06-28","18.2 B 1/2001",NULL,NULL,NULL,NULL,NULL
"308","American foulbrood of honey bees","61243","14.33","47.54","2001-08-10","18.2-27/99","2001-11-05","18.2-27/99",NULL,NULL,NULL,NULL,NULL
"309","American foulbrood of honey bees","61439","14.40","47.08","2001-05-17","18.2 Bi 21/01","2001-07-26","18.2 Bi 21/01",NULL,NULL,NULL,NULL,NULL
"310","American foulbrood of honey bees","61439","14.42","47.07","2001-05-17","18.2 Bi 21/01","2001-07-26","18.2 Bi 21/01",NULL,NULL,NULL,NULL,NULL
"311","American foulbrood of honey bees","61439","14.43","47.07","2001-05-17","18.2 Bi 21/01","2001-07-26","18.2 Bi 21/01",NULL,NULL,NULL,NULL,NULL
"312","American foulbrood of honey bees","61701","15.73","47.15","2001-06-29","8-177/2001","2001-11-20","8-177/2001",NULL,NULL,NULL,NULL,NULL
"313","American foulbrood of honey bees","61701","15.72","47.14","2001-07-02","8-178/2001","2001-11-20","8-178/2001",NULL,NULL,NULL,NULL,NULL
"314","American foulbrood of honey bees","61701","15.72","47.15","2001-05-09","8-166/2001","2001-08-07","8-166/2001",NULL,NULL,NULL,NULL,NULL
"315","American foulbrood of honey bees","61765","15.69","47.20","2001-07-12","8-183/01","2001-11-20","8-183/01",NULL,NULL,NULL,NULL,NULL
"316","American foulbrood of honey bees","61765","15.70","47.17","2001-06-18","8-173/2001","2001-11-20","8-173/2001",NULL,NULL,NULL,NULL,NULL
"317","American foulbrood of honey bees","61762","15.79","47.12","2001-07-12","8-175/2001","2001-12-07","8-175/2001",NULL,NULL,NULL,NULL,NULL
"318","American foulbrood of honey bees","61762","15.79","47.12","2001-07-12","8-175/2001","2001-12-07","8-175/2001",NULL,NULL,NULL,NULL,NULL
"319","American foulbrood of honey bees","61729","15.64","47.15","2001-08-10","8-192/2001","2001-12-07","8-192/2001",NULL,NULL,NULL,NULL,NULL
"320","American foulbrood of honey bees","61748","15.82","47.09","2001-08-10","not available","2002-03-15","8-193/2001","2001-08-10","8-193/2001",NULL,NULL,NULL
"321","American foulbrood of honey bees","61748","15.84","47.10","2001-06-21","8-175/2001","2001-12-07","8-175/2001",NULL,NULL,NULL,NULL,NULL
"322","American foulbrood of honey bees","61748","15.86","47.11","2001-06-21","8-175/2001","2001-12-07","8-175/2001",NULL,NULL,NULL,NULL,NULL
"323","American foulbrood of honey bees","61748","15.83","47.10","2001-07-12","8-175/2001","2001-12-07","8-175/2001",NULL,NULL,NULL,NULL,NULL
"324","American foulbrood of honey bees","61748","15.80","47.11","2001-07-12","8-175/2001","2001-12-07","8-175/2001",NULL,NULL,NULL,NULL,NULL
"325","American foulbrood of honey bees","61748","15.80","47.09","2001-07-02","8-175/2001","2001-12-07","8-175/2001",NULL,NULL,NULL,NULL,NULL
"326","American foulbrood of honey bees","62271","15.88","47.11","2001-04-17","8.2 L 83-2001","2001-11-21","8.2 L 83-2001",NULL,NULL,NULL,NULL,NULL
"327","American foulbrood of honey bees","62271","15.88","47.10","2001-04-17","8.2 I 37-2001","2001-11-21","8.2 I 37-2001",NULL,NULL,NULL,NULL,NULL
"328","American foulbrood of honey bees","61257","14.08","47.49","2000-10-23","18.2-27/99","2001-08-29","18.2-27/99",NULL,NULL,NULL,NULL,NULL
"329","American foulbrood of honey bees","61255","13.99","47.55","2000-05-17","18.2-27/99","2001-04-25","18.2-27/99",NULL,NULL,NULL,NULL,NULL
"330","American foulbrood of honey bees","61444","14.44","47.15","2000-07-01","not available","2000-10-02","18.2 Bi 32/00",NULL,NULL,NULL,NULL,NULL
"331","American foulbrood of honey bees","61444","14.44","47.15","2000-07-01","not available","2000-10-02","18.2 Bi 32/00",NULL,NULL,NULL,NULL,NULL
"332","American foulbrood of honey bees","61444","14.44","47.15","2000-07-01","not available","2000-10-02","18.2 Bi 32/00",NULL,NULL,NULL,NULL,NULL
"333","American foulbrood of honey bees","61444","14.46","47.15","2000-07-12","18.2 Bi 32/00","2000-10-02","18.2 Bi 32/00",NULL,NULL,NULL,NULL,NULL
"334","American foulbrood of honey bees","61444","14.44","47.15","2000-07-12","18.2 Bi 32/00","2000-10-02","18.2 Bi 32/00",NULL,NULL,NULL,NULL,NULL
"335","American foulbrood of honey bees","62265","16.02","47.40","2000-08-04","8.2-425/00","2000-10-12","8.2-425/00",NULL,NULL,NULL,NULL,NULL
"336","American foulbrood of honey bees","62245","15.96","47.44","2000-06-05","8.2-412/00","2000-10-13","8.2-412/00",NULL,NULL,NULL,NULL,NULL
"337","American foulbrood of honey bees","62245","15.95","47.44","2000-06-05","8.2-410/00","2000-10-13","8.2-410/00",NULL,NULL,NULL,NULL,NULL
"338","American foulbrood of honey bees","62265","15.99","47.41","2000-08-04","8.2-426/00","2000-10-13","8.2-426/00",NULL,NULL,NULL,NULL,NULL
"339","American foulbrood of honey bees","62265","15.99","47.42","2000-06-05","8.2-411/00","2000-10-13","8.2-411/00",NULL,NULL,NULL,NULL,NULL
"340","American foulbrood of honey bees","62277","15.98","47.39","2014-04-11","8.2.-16/2014","2014-10-07","not available","2014-04-11","not available","2014-10-07","not available",NULL
"341","American foulbrood of honey bees","60646","15.42","47.17","2014-05-06","18.2B7/Go1/1-2014","2014-07-09","18.2B7/Go1/5-2014","2014-05-06","18.2B7/Go1/1-2014",NULL,"18.2B7/Go1/5-2014",NULL
"342","American foulbrood of honey bees","61440","14.30","47.20","2020-05-13","BHMU-84050/2020-3","2021-05-26","BHMU-84050/2020-7","2020-05-13","BHMU-84050/2020-4","2021-05-26","BHMU-84050/2020-4",NULL
"343","American foulbrood of honey bees","62143","15.70","47.58","2014-05-19","18.21 7-2013/31","2014-08-13","18.21 7-2013/31","2014-05-14","18.21 7-2013/31","2014-08-13","18.21 7-2013/31",NULL
"344","American foulbrood of honey bees","61439","14.48","47.07","2014-05-20","8.2-19/2014, 8.2-20/2014","2016-08-26","BHMU-6285/2016-2","2014-05-20","8.2-19/2014, 8.2-20/2014","2016-08-26","BHMU-6285/2016-3",NULL
"345","American foulbrood of honey bees","61446","14.27","47.14","2014-05-21","8.2-21/2014","2015-06-08","8.2-21/2014","2014-05-21","8.2-21/2014","2015-06-10","8.2-21/2014",NULL
"346","American foulbrood of honey bees","61443","14.28","47.05","2014-05-21","8.2-22/2014","2015-06-08","8.2-22/2014","2014-05-21","8.2-22/2014","2015-06-10","8.2-22/2014",NULL
"347","American foulbrood of honey bees","62278","15.91","47.41","2014-05-28","8.2-31/14","2014-09-08","8.2-31/2014","2014-05-28","not available","2014-09-08","not available",NULL
"348","American foulbrood of honey bees","62278","15.89","47.40","2014-05-28","8.2-32/2014","2015-04-30","8.2-32/2014","2014-05-28","not available","2015-04-30","not available",NULL
"349","American foulbrood of honey bees","62278","15.89","47.41","2014-05-28","8.2-33/14","2014-09-08","8.2-33/2014","2014-05-28","not available","2014-09-08","not available",NULL
"350","American foulbrood of honey bees","60101","15.41","47.03","2011-12-28","A7-49745/2011-3","2012-01-11","A7-49745/2011-12",NULL,NULL,NULL,NULL,NULL
"351","American foulbrood of honey bees","60642","15.49","47.18","2011-09-12","18.2B6/53-2011","2013-09-12","not available","2011-09-12","18.2B6/53-2011",NULL,NULL,NULL
"352","American foulbrood of honey bees","62388","15.74","46.83","2011-05-16","18.9.T8/2011-3","2011-09-20","18.9.T8/2011-7",NULL,NULL,NULL,NULL,NULL
"353","American foulbrood of honey bees","61109","14.84","47.40","2011-08-04","18.2 B 27-2011/3","2013-08-04","not available","2011-08-04","18.2 B 27-2011/4",NULL,NULL,NULL
"354","American foulbrood of honey bees","61256","14.55","47.49","2011-06-01","18.2-27/99","2011-09-30","not available",NULL,NULL,NULL,NULL,NULL
"355","American foulbrood of honey bees","61256","14.57","47.49","2011-06-20","18.2-27/99","2014-05-28","18.2-1/2014",NULL,NULL,NULL,NULL,NULL
"356","American foulbrood of honey bees","61061","15.69","46.73","2011-04-19","18.9.R1/2011-4","2011-06-09","18.9.R1/2011-9",NULL,NULL,NULL,NULL,NULL
"357","American foulbrood of honey bees","62386","15.92","47.05","2010-07-12","BHFB-18.2B41/2010-4","2011-06-07","BHFB-18.2B41/2011-15",NULL,NULL,NULL,NULL,NULL
"358","American foulbrood of honey bees","61021","15.54","46.83","2011-04-15","12.2.2.24-2011","2011-06-10","12.2.2.24-2011",NULL,NULL,NULL,NULL,NULL
"359","American foulbrood of honey bees","61757","15.71","47.35","2011-05-03","8-124/2011","2011-06-16","8-124/2011",NULL,NULL,NULL,NULL,NULL
"360","American foulbrood of honey bees","62143","15.66","47.63","2014-06-03","18.21 7-2013/34","2014-08-14","18.21 7-2013/34","2014-06-03","18.21 7-2013/34","2014-08-14","18.21 7-2013/34",NULL
"361","American foulbrood of honey bees","62143","15.69","47.59","2009-09-15","18.2-29/2009","2010-07-16","18.2-29/2009","2009-09-15","18.2-29/2009","2010-07-19","18.2-29/2009",NULL
"362","American foulbrood of honey bees","61222","14.23","47.54","2010-07-19","18.2-27/99","2012-07-19","not available",NULL,NULL,NULL,NULL,NULL
"363","American foulbrood of honey bees","61440","14.36","47.17","2010-06-01","8.2-139/2010","2010-10-08","8.2-139/2010","2010-06-02","8.2-139/2010","2010-10-08","8.2-139/2010",NULL
"364","American foulbrood of honey bees","62105","15.52","47.40","2010-05-21","not available","2010-07-21","not available","2010-05-21","18.2B1/R1-2010/8","2010-07-21","not available",NULL
"365","American foulbrood of honey bees","62105","15.46","47.39","2010-05-10","not available","2010-07-10","not available","2010-05-10","18.2B1/P1-2010/9","2010-07-10","not available",NULL
"366","American foulbrood of honey bees","61701","15.73","47.16","2009-11-20","8-212/2009","2010-09-13","8-212/2009",NULL,NULL,NULL,NULL,NULL
"367","American foulbrood of honey bees","62388","15.75","46.83","2009-08-10","18.2.B2-2006-38","2009-10-14","18.2.B2-2006-38","2009-08-12","18.2.B2/2006-33","2009-10-14","not available",NULL
"368","American foulbrood of honey bees","62041","14.84","47.21","2019-08-14","BHMT-84974/2019-",NULL,NULL,"2019-08-14","BHMT-84974/2019-6","2020-08-14","not available",NULL
"369","American foulbrood of honey bees","62388","15.74","46.83","2009-08-25","not available","2009-10-14","18.2.B2-2006-37","2009-08-25","18.2.B2/2006-34","2009-10-14","not available",NULL
"370","American foulbrood of honey bees","61410","14.45","47.03","2014-06-13","8.2-30/2014, 8.2-31/2014, 8.2-32/2014, 8.2-33/2014","2016-09-02","BHMU-6479/2016-3","2014-06-13","8.2-30/2014, 8.2-31/2014, 8.2-32/2014, 8.2-33/2014","2016-09-02","BHMU-6479/2016-4",NULL
"371","American foulbrood of honey bees","61012","15.58","46.82","2022-04-20","not available","2022-06-30","not available","2022-04-20","BHLB-390399/2022-5","2022-06-30","BHLB-390399/2022-16",NULL
"372","American foulbrood of honey bees","60101","15.42","47.08","2014-06-23","A7VET-032886/2014-6","2014-10-30","A7VET-32886/2014-108","2014-06-23","A7VET-032886/2014-14","2014-10-30","not available",NULL
"373","American foulbrood of honey bees","62389","15.69","46.90","2014-07-11","BHSO-18.23-1/2014-15","2014-10-07","BHSO-18.23-4/2014-13","2014-07-11","BHSO-18.23-1/2014-14","2014-10-07","BHSO-18.23-4/2014-14",NULL
"374","American foulbrood of honey bees","60645","15.42","47.24","2014-07-09","18.2B7/Pe1/1-2014","2014-10-17","18.2B7/Pe1/3-2014","2014-07-09","18.2B7/Pe1/1-2014","2014-10-17","18.2B7/Pe1/3-2014",NULL
"375","American foulbrood of honey bees","60664","15.29","47.14","2022-06-15","BHGU-494798/2022-6",NULL,NULL,"2022-06-15","BHGU-494798/2022-9",NULL,NULL,NULL
"376","American foulbrood of honey bees","61258","14.75","47.60","2014-09-16","not available","2015-07-28","18.2-1/2014","2014-09-16","18.2 B 18-2014/15","2015-07-28","not available",NULL
"377","American foulbrood of honey bees","61258","14.75","47.60","2014-09-22","18.2 B 18-2014/4","2015-07-28","18.2-1/2014","2014-09-22","18.2 B 18-2014/5","2015-07-28","not available",NULL
"378","American foulbrood of honey bees","62145","15.47","47.54","2014-09-16","18.21 7/2013/59","2014-12-01","18.21 7/2013/59","2014-09-16","18.21 7-2013/59","2014-11-26","18.21 7-2013/59",NULL
"379","American foulbrood of honey bees","62141","15.45","47.54","2014-08-04","18.21 7-2013/58","2014-10-10","18.21 7-2013/58","2014-08-05","18.21 7-2013/58","2014-10-10","18.21 7-2013/58",NULL
"380","American foulbrood of honey bees","61258","14.75","47.61","2014-10-16","18.2 B 19-2014/4","2015-07-28","18.2-1/2014","2014-10-24","18.2 B 19-2014/5","2015-07-28","not available",NULL
"381","American foulbrood of honey bees","60351","15.20","46.74","2014-10-22","8.2 M 11/2014","2015-05-12","8.2 M 11/2014","2014-10-22","8.2 M 11/2014","2015-05-12","8.2 M 11/2014",NULL
"382","American foulbrood of honey bees","62140","15.31","47.46","2015-04-29","18.21 7-2013/70","2015-07-14","18.21 7-2013/70","2015-04-29","18.21 7-2013/70","2015-07-14","18.21 7-2013/70",NULL
"383","American foulbrood of honey bees","62141","15.42","47.47","2015-05-08","18.21 7-2013/71","2015-07-20","18.21 7-2013/71","2015-05-08","18.21 7-2013/71","2015-07-20","18.21 7-2013/71",NULL
"384","American foulbrood of honey bees","62141","15.41","47.47","2015-05-18","18.21 7-2013/73","2015-09-23","18.21 7-2013/73","2015-05-18","18.21 7-2013/73","2015-09-23","18.21 7-2013/73",NULL
"385","American foulbrood of honey bees","62380","15.76","46.90","2015-05-18","BHSO-18.23-5/2015-3","2015-08-07","BHSO-18.23-5/2015-7","2015-05-15","BHSO-18.23-5/2015-4","2015-08-07","BHSO-18.23-5/2015-8",NULL
"386","American foulbrood of honey bees","61120","15.02","47.43","2015-05-18","18.2 B 17-2015/6","2015-09-30","18.2 B 17-2015/10","2015-05-18","18.2 B 17-2015/7","2015-09-30","18.2 B 17-2015/9",NULL
"387","American foulbrood of honey bees","60663","15.31","47.27","2015-06-16","18.2B7/Sta1/1-2015","2015-11-11","18.2B7/Sta1/3-2015","2015-06-16","18.2B7/Sta1/1-2015","2015-11-11","18.2B7/Sta1/3-2015",NULL
"388","American foulbrood of honey bees","60101","15.44","47.03","2015-06-19","not available","2015-09-14","not available","2015-06-19","A7Vet-103100/2015/0017","2015-09-14","not available",NULL
"389","American foulbrood of honey bees","61443","14.33","47.11","2015-06-16","8.2-16/2015","2016-06-07","not available","2015-06-16","8.2-16/2015","2016-06-07","BHMU-6321/2016-4",NULL
"390","American foulbrood of honey bees","61106","14.94","47.41","2015-07-24","18.2 B19-2015/7","2016-09-15","BHLN-163308/2016-2","2015-07-20","18.2 B19-2015/6","2016-09-15","BHLN-163308/2016-3",NULL
"391","American foulbrood of honey bees","61106","14.94","47.41","2015-07-24","18.2 B18-2015/7","2016-09-15","BHLN-163308/2016-2","2015-07-20","18.2 B18-2015/6","2016-09-15","BHLN-163308/2016-3",NULL
"392","American foulbrood of honey bees","62116","15.57","47.60","2015-08-10","18.21 7-2013/89","2016-04-21","18.21 7-2013/89","2015-08-10","18.21 7-2013/89","2016-04-21","18.21 7-2013/89",NULL
"393","American foulbrood of honey bees","62146","15.37","47.46","2015-08-24","18.21 7-2013/93","2016-04-22","18.21 7-2013/93","2015-08-24","18.21 7-2013/93","2016-04-22","18.21 7-2013/93",NULL
"394","American foulbrood of honey bees","62128","15.35","47.49","2015-08-24","18.21 7-2013/91","2016-04-22","18.21 7-2013/93","2015-08-24","18.21 7-2013/91","2016-04-22","18.21 7-2013/93",NULL
"395","American foulbrood of honey bees","61625","15.13","47.05","2015-09-27","8.2-15/2015",NULL,NULL,"2015-09-27","8.2-15/2015","2016-04-15","BHVO-96138/2016-2",NULL
"396","American foulbrood of honey bees","61115","14.97","47.32","2015-09-14","18.2 B20/4-2015/7","2016-06-15","BHLN-49033/2016-1","2015-09-14","18.2 B20-2015/3","2016-06-17","BHLN-49033/2016-2",NULL
"397","American foulbrood of honey bees","62145","15.51","47.53","2015-10-05","not available","2016-07-01","18.21 7-2013/96","2015-10-05","18.21 7-2013/96","2016-07-01","18.21 7-2013/96",NULL
"398","American foulbrood of honey bees","61267","14.08","47.53","2013-05-13","not available","2015-09-30","18.2-1/2014",NULL,NULL,NULL,NULL,NULL
"399","American foulbrood of honey bees","61255","13.88","47.57","2021-09-14","BHLI-270059/2021-5","2022-07-12","BHLI-270059/2021-23",NULL,NULL,NULL,NULL,NULL
"400","American foulbrood of honey bees","61441","14.06","47.17","2016-04-14","BHMU-111065/2016-4","2019-10-22","BHMU-111065/2016-10","2016-04-14","BHMU-111065/2016-5","2019-10-22","BHMU-111065/2016-11",NULL
"401","American foulbrood of honey bees","61107","14.94","47.32","2016-04-13","BHLN-111320/2016-4","2016-06-15","BHLN-111320/2016-6","2016-04-14","BHLN-111320/2016-5","2016-06-17","BHLN-111320/2016-7",NULL
"402","American foulbrood of honey bees","62380","15.85","46.85","2016-04-21","BHSO-114090/2016-2","2016-11-09","BHSO-114090/2016-8","2016-04-21","BHSO-114090/2016-3",NULL,NULL,NULL
"403","American foulbrood of honey bees","61615","15.28","46.97","2016-05-04","BHVO-116512/2016-2",NULL,NULL,"2016-05-04","BHVO-116512/2016-4","2016-08-12","BHVO-116512/2016-10",NULL
"404","American foulbrood of honey bees","62143","15.67","47.61","2016-05-09","BHBM-62978/2016-7",NULL,NULL,"2016-05-10","BHBM-112298/2016-5","2016-09-05","BHBM-112298/2016-14",NULL
"405","American foulbrood of honey bees","61745","15.57","47.35","2016-05-06","BHWZ-116878/2016-4","2016-09-20","BHWZ-116878/2016-13","2016-05-09","BHWZ-116878/2016-5",NULL,NULL,NULL
"406","American foulbrood of honey bees","61745","15.58","47.33","2016-05-17","BHWZ-123642/2016-4","2016-09-20","BHWZ-123642/2016-11",NULL,NULL,NULL,NULL,NULL
"407","American foulbrood of honey bees","61745","15.57","47.33","2016-05-17","BHWZ-123646/2016-4","2016-09-20","BHWZ-123646/2016-11",NULL,NULL,NULL,NULL,NULL
"408","American foulbrood of honey bees","61257","14.04","47.49","2016-05-25","BHLI-13822/2016-5","2017-07-31","BHLI-13822/2016-5",NULL,NULL,NULL,NULL,NULL
"409","American foulbrood of honey bees","61222","14.21","47.54","2016-05-25","BHLI-13822/2016-3","2017-04-18","BHLI-13822/2016-14",NULL,NULL,NULL,NULL,NULL
"410","American foulbrood of honey bees","60101","15.49","47.11","2016-05-23","not available","2016-07-29","not available","2016-05-23","A7Vet-036902/2016/0016",NULL,NULL,NULL
"411","American foulbrood of honey bees","60608","15.46","46.99","2016-06-07","BHGU-127891/2016-2","2016-10-20","BHGU-127891/2016-11","2016-06-05","BHGU-127891/2016-3","2016-10-20","BHGU-127891/2006-12",NULL
"412","American foulbrood of honey bees","62143","15.66","47.59","2016-06-10","BHBM-129467/2016-2",NULL,NULL,"2016-06-09","BHBM-129467/2016-3","2016-09-29","BHBM-129467/2016-12",NULL
"413","American foulbrood of honey bees","62143","15.67","47.59","2016-06-10","BHBM-129437/2016-2","2016-09-29","BHBM-129437/2016-10","2016-06-09","BHBM-129437/2016-3","2016-09-29","BHBM-129437/2016-11",NULL
"414","American foulbrood of honey bees","62143","15.64","47.60","2016-06-10","BHBM-128697/2016-2",NULL,NULL,"2016-06-08","BHBM-128697/2016-2","2016-09-29","not available",NULL
"415","American foulbrood of honey bees","61615","15.30","46.96","2016-06-10","BHVO-129826/2016-2","2017-03-29","BHVO-129826/2016-7","2016-06-10","BHVO-129826/2016-3","2017-03-29","BHVO-129826/2016-6",NULL
"416","American foulbrood of honey bees","61615","15.28","46.97","2016-06-10","BHVO-129827/2016-2","2016-08-10","not available","2016-06-10","BHVO-129827/2016-3","2016-08-10","BHVO-129827/2016-6",NULL
"417","American foulbrood of honey bees","61442","14.09","47.10","2016-06-10","BHMU-129370/2016-6","2016-08-25","BHMU-129370/2016-10","2016-06-13","BHMU-129370/2016-7","2016-08-25","BHMU-129370/2016-11",NULL
"418","American foulbrood of honey bees","61115","14.97","47.32","2016-06-15","BHLN-131061/2016-4","2016-07-18","BHLN-131061/2016-7","2016-06-17","BHLN-131061/2016-5","2016-07-17","BHLN-131061/2016-8",NULL
"419","American foulbrood of honey bees","62380","15.83","46.87","2016-07-06","BHSO-137049/2016-2","2016-11-09","BHSO-137049/2016-11	","2016-07-06","BHSO-137049/2016-3",NULL,NULL,NULL
"420","American foulbrood of honey bees","61628","15.21","47.08","2016-08-18","BHVO-146308/2016-2","2017-04-06","BHVO-146308/2016-8","2016-08-18","BHVO-146308/2016-4","2017-04-06","BHVO-146308/2016-9",NULL
"421","American foulbrood of honey bees","61628","15.20","47.08","2016-09-01","BHVO-159330/2016-2","2017-04-06","BHVO-159330/2016-5","2016-09-01","BHVO-159330/2016-3","2017-04-06","BHVO-159330/2016-6",NULL
"422","American foulbrood of honey bees","61628","15.21","47.07","2016-09-01","BHVO-159332/2016-2","2017-04-06","BHVO-159332/2016-5","2016-09-01","BHVO-159332/2016-3","2017-04-06","BHVO-159332/2016-6",NULL
"423","American foulbrood of honey bees","60647","15.22","47.11","2017-04-06","BHGU-29252/2017-5","2017-06-21","BHGU-29252/2017-18","2017-04-06","BHGU-29252/2017-6","2017-06-21","BHGU-29252/2017-17",NULL
"424","American foulbrood of honey bees","61113","15.06","47.31","2017-05-08","BHLN-38555/2017-6","2017-11-07","BHLN-38555/2017-10","2017-05-08","BHLN-38555/2017-8","2017-11-07","BHLN-38555/2017-12",NULL
"425","American foulbrood of honey bees","60654","15.45","47.14","2017-05-22","BHGU-41173/2017-4","2017-08-29","BHGU-41173/2017-11","2017-05-22","BHGU-41173/2017-5","2017-08-30","BHGU-41173/2017-10",NULL
"426","American foulbrood of honey bees","60623","15.53","47.11","2017-05-22","BHGU-41150/2017-4","2017-08-29","BHGU-41150/2017-10","2017-05-22","BHGU-41150/2017-5","2017-08-29","BHGU-41150/2017-9",NULL
"427","American foulbrood of honey bees","61443","14.30","47.07","2017-06-02","BHMU-44429/2017-8","2018-05-29","not available",NULL,NULL,NULL,NULL,NULL
"428","American foulbrood of honey bees","61438","14.15","47.14","2017-06-09","BHMU-43704/2017-14","2018-05-29","BHMU-43704/2017-16","2017-06-02","BHMU-43704/2017-9",NULL,NULL,NULL
"429","American foulbrood of honey bees","61256","14.56","47.49","2018-09-14","BHLI-28447/2016-98","2018-09-14","BHLI-28447/2016-98",NULL,NULL,NULL,NULL,NULL
"430","American foulbrood of honey bees","61425","14.17","47.19","2017-06-16","BHMU-48737/2017-9","2019-06-25","BHMU-48737/2017-24","2017-06-16","BHMU-48737/2017-11",NULL,NULL,NULL
"431","American foulbrood of honey bees","61445","14.01","47.09","2017-06-16","BHMU-48735/2017-7","2018-05-29","BHMU-48735/2017-12","2017-06-16","BHMU-48735/2017-8","2018-05-29","BHMU-48735/2017-13",NULL
"432","American foulbrood of honey bees","61437","14.01","47.19","2017-06-23","BHMU-46284/2017-6","2019-10-22","BHMU-46284/2017-12","2017-06-23","BHMU-46284/2017","2019-10-22","BHMUI-43284/2017-12",NULL
"433","American foulbrood of honey bees","61750","15.72","47.44","2017-09-25","BHWZ-124285/2017-5","2017-10-17","BHWZ-124285/2017-28",NULL,NULL,NULL,NULL,NULL
"434","American foulbrood of honey bees","61750","15.72","47.44","2017-10-05","BHWZ-128105/2017-5","2017-10-17","BHWZ-128105/2017-14",NULL,NULL,NULL,NULL,NULL
"435","American foulbrood of honey bees","62386","15.97","46.97","2018-02-13","BHSO-19282/2018-4","2018-04-25","BHSO-19282/2018-11","2018-02-13","BHSO-19282/2018-5","2018-04-25","not available",NULL
"436","American foulbrood of honey bees","61439","14.39","47.10","2018-04-26","BHMU-42489/2018-6","2018-07-06","BHMU-42489/2018-11","2018-04-25","BHMU-42489/2018-7","2018-07-06","BHMU-42489/2018-12",NULL
"437","American foulbrood of honey bees","60101","15.40","47.10","2018-05-07","A7Vet-036505/2018-12","2018-06-20","not available","2018-05-07","not available","2018-06-20","not available",NULL
"438","American foulbrood of honey bees","61746","15.78","47.06","2018-05-08","BHWZ-46411/2018-3","2018-07-09","BHWZ-46411/2018-31",NULL,NULL,NULL,NULL,NULL
"439","American foulbrood of honey bees","62145","15.49","47.58","2018-07-12","BHBM-67296/2018-3","2018-09-27","BHBM-67296/2018-8","2018-07-12","BHBM-67296/2018-3","2018-10-01","BHBM-67296/2018-10",NULL
"440","American foulbrood of honey bees","62145","15.51","47.62","2018-07-30","BHBM-65055/2018-4","2018-09-27","BHBM-65055/2018-10","2018-07-25","BHBM-65055/2018-5","2018-09-27","BHBM-65055/2018-11",NULL
"441","American foulbrood of honey bees","62145","15.49","47.59","2018-08-02","BHBM-72353/2018-2","2018-09-27","BHBM-72353/2018-6","2018-08-09","BHBM-72353/2018-3","2018-09-27","not available",NULL
"442","American foulbrood of honey bees","62145","15.48","47.58","2018-08-03","BHBM-72389/2018-2","2018-09-27","BHBM-72389/2018-6","2018-07-28","BHBM-72389/2018-3","2018-09-27","not available",NULL
"443","American foulbrood of honey bees","62145","15.48","47.58","2018-08-03","BHBM-72386/2018-2","2018-09-27","BHBM-72386/2018-6","2018-07-25","BHBM-72386/2018-3","2018-09-27","BHBM-72386/2018-7",NULL
"444","American foulbrood of honey bees","62145","15.46","47.59","2018-08-03","BHBM-72361/2018-3","2018-09-27","BHBM-72361/2018-6","2018-08-09","BHBM-72361/2018-3","2018-09-27","not available",NULL
"445","American foulbrood of honey bees","61054","15.46","46.62","2018-10-25","BHLB-94346/2018-7","2019-04-30","BHLB-94346/2018-28","2018-10-25","BHLB-94346/2018-13","2019-03-18","BHLB-94346/2018-13",NULL
"446","American foulbrood of honey bees","60345","15.24","46.66","2018-11-29","BHDL-103937/2018-8","2019-04-30","BHDL-103937/2018-28","2018-11-29","BHDL-103937/2018-11","2019-04-30","BHDL-103937/2018-27",NULL
"447","American foulbrood of honey bees","61439","14.44","47.07","2019-04-19","BHMU-56122/2019-6","2020-07-10","BHMU-56122/2019-10","2019-04-19","BHMU-56122/2019-7",NULL,NULL,NULL
"448","American foulbrood of honey bees","62132","15.52","47.47","2019-05-09","not available","2019-07-19","BHBM-59500/2019-12","2019-05-09","BHBM-59500/2019-5","2019-07-18","BHBM-59500/2019-13",NULL
"449","American foulbrood of honey bees","61054","15.46","46.64","2019-05-20","not available","2019-08-28","not available","2019-05-20","BHLB-58993/2019-4","2019-08-28","BHLB-58993/2019-25",NULL
"450","American foulbrood of honey bees","60101","15.48","47.06","2019-05-17","not available","2020-05-06","not available","2019-05-17","GZ:.A7Vet-045244/2019","2020-05-06","GZ:.A7Vet-045244/2019/0023",NULL
"451","American foulbrood of honey bees","60101","15.50","47.06","2019-07-17","not available","2020-05-06","not available","2019-07-17","A7Vet-58172/2019/0017","2020-05-06","A7Vet-58172/2019/0045",NULL
"452","American foulbrood of honey bees","62008","14.71","47.26","2019-08-14","BHMT-84979/2019-6",NULL,NULL,"2019-08-14","BHMT-84979/2019-7","2020-08-14","not available",NULL
"453","American foulbrood of honey bees","61054","15.46","46.64","2019-05-20","not available","2019-08-28","not available","2019-05-20","BHLB-58993/2019-4","2019-08-28","BHLB-58993/2019-25",NULL
"454","American foulbrood of honey bees","61261","13.99","47.47","2022-04-15","BHLI-374888/2022-3",NULL,NULL,NULL,NULL,NULL,NULL,NULL
"455","American foulbrood of honey bees","61262","13.99","47.46","2022-05-13","BHLI-441009/2022-3",NULL,NULL,NULL,NULL,NULL,NULL,NULL
"456","American foulbrood of honey bees","61266","13.94","47.39","2022-05-13","BHLI-450071/2022-10",NULL,NULL,NULL,NULL,NULL,NULL,NULL
"457","American foulbrood of honey bees","61262","14.03","47.49","2022-05-13","BHLI-450078/2022-5",NULL,NULL,NULL,NULL,NULL,NULL,NULL
"458","American foulbrood of honey bees","61262","13.99","47.45","2022-05-13","BHLI-450379/2022-5",NULL,NULL,NULL,NULL,NULL,NULL,NULL
"459","American foulbrood of honey bees","61261","13.97","47.49","2022-05-31","BHLI-482737/2022-3",NULL,NULL,NULL,NULL,NULL,NULL,NULL
"460","American foulbrood of honey bees","61261","13.98","47.46","2022-05-31","BHLI-482750/2022-3",NULL,NULL,NULL,NULL,NULL,NULL,NULL
"461","American foulbrood of honey bees","61262","13.99","47.46","2022-05-31","BHLI-482759/2022-3",NULL,NULL,NULL,NULL,NULL,NULL,NULL
"462","American foulbrood of honey bees","61107","14.94","47.31","2021-10-05","BHLN-287548/2021-2",NULL,NULL,NULL,NULL,NULL,NULL,NULL
"463","American foulbrood of honey bees","61438","14.17","47.13","2021-04-20","BHMU-146276/2021-3","2021-07-16","BHMU-146276/2021-10","2021-04-20","BHMU-146276/2021-3","2022-07-05","BHMU-146276/2021-22",NULL
"464","American foulbrood of honey bees","61439","14.44","47.05","2021-04-20","BHMU-146201/2021-3",NULL,NULL,"2021-04-20","BHMU-146201/2021-5","2022-07-22","BHMU-146201/2021-11",NULL
"465","American foulbrood of honey bees","61410","14.55","47.03","2021-05-11","BHMU-176094/2021-3","2022-07-22","BHMU-176094/2021-11","2021-05-11","BHMU-176094/2021-5","2022-07-22","BHMU-176094/2021-11",NULL
"466","American foulbrood of honey bees","61439","14.54","47.09","2021-08-30","BHMU-261864/2021-2","2022-04-20","not available","2021-08-30","BHMU-261864/2021-3","2022-04-20","BHMU-261864/2021-6",NULL
"467","American foulbrood of honey bees","61262","14.00","47.45","2022-05-20","BHLI-468609/2022-3",NULL,NULL,NULL,NULL,NULL,NULL,NULL
"469","American foulbrood of honey bees","60664","15.30","47.14","2022-07-05","BHGU-546145/2022-3",NULL,NULL,"2022-07-12","BHGU-546145/2022-5",NULL,NULL,NULL
